Workbook

Sheet Instructions
B1: MAGCS Inflight Catering – Skytrax 2026 Readiness Checklist & Monitor
B2: Built from: Skytrax Agenda 2026 (22 legs, 3 itineraries) and STD UPLIFT INFORMATION.xlsx (aircraft data: Update as @20JUL26).
B4: How to use this workbook
B5: Purpose: monitor MAGCS inflight-catering readiness for all 22 legs of the Skytrax Agenda 2026 audit itineraries, with three checkpoints per flight calculated from scheduled departure (STD) in the correct station time zone: T-7D, T-24H and T-12H. T-12H is recorded in two parts: the preparation check at the caterer (T-12H PREP) and the physical on-board uplift confirmation before departure (UPLIFT), so dashboards show four columns.
B6: Sheets
B7: • Dashboard – checkpoint completion, overdue actions, outstanding discrepancies and readiness per flight.
B8: • Flights – the 22 legs as scheduled. Enter Tail/Reg, Caterer and Flight PIC (yellow). Due times: T-7D, T-24H, T-12H prep and uplift (= STD).
B9: • Checks – one row per check per flight. THE ONLY PLACE TO RECORD RESULTS (yellow columns S–AE).
B10: • Documents – galley loading diagram and menu checklist per flight (doc no, revision, date, attachment). ISOP Register – ISOP revisions communicated to caterers.
B11: • Requirements – uplift requirements derived from STD UPLIFT INFORMATION.xlsx per flight, with source cell for each.
B12: • Settings – as-of time, PC clock offset, validity windows, station time-zone table.
B13: • P01–P22 – printable pack per flight (formula views of Checks, A4 landscape). Page 1 is a cover sheet with the flight's due times, readiness, the attachments register (A1 galley loading diagram, A2 menu checklist – staple behind, flagged OUTSTANDING until on file) and sign-off; the checklist starts on page 2. Print one flight's sheet on its own so page numbers run per flight.
... B55: Blue text = value transcribed from a reference (schedule, time-zone table, reference quantity)

Sheet Dashboard
B1: MAGCS Inflight Catering – Skytrax 2026 Readiness Dashboard
B2: As of (UTC) | D2: =AsOfUTC -> 46294.537 | F2: As of (MYT) | H2: =AsOfUTC+8/24 -> 46294.871 | J2: =IF(Settings!$B$4<>"","Settings B4 (override) is set → as-of time is fixed","Settings B4 (override) blank → live clock (recalculate to refresh)")&"; effective as-of shown in Settings B6." -> Settings B4 (override) blank → live clock (recalculate to refresh); effective as-of shown in Settings B6.
B4: Key indicators
B5: Flights | D5: Flights READY | F5: Overall completion | H5: Overdue actions | J5: Open discrepancies | L5: Docs outstanding | N5: Clarifications open | P5: Invalid entries
B6: =COUNTA(Flights!$A$5:$A$26) -> 22 | D6: =COUNTIF(Flights!$AT$5:$AT$26,"READY") -> 0 | F6: =IF(SUM(Checks!$AI$5:$AI$748)=0,"n/a",SUM(Checks!$AJ$5:$AJ$748)/SUM(Checks!$AI$5:$AI$748)) -> 0 | H6: =SUM(Checks!$AK$5:$AK$748) -> 0 | J6: =SUM(Checks!$AL$5:$AL$748) -> 0 | L6: =SUM(Flights!$AR$5:$AR$26) -> 44 | N6: =SUM(Flights!$AS$5:$AS$26) -> 33 | P6: =SUM(Checks!$AM$5:$AM$748) -> 0
B7: legs on the agenda | D7: ="of "&COUNTA(Flights!$A$5:$A$26)&" flights" -> of 22 flights | F7: =SUM(Checks!$AJ$5:$AJ$748)&" of "&SUM(Checks!$AI$5:$AI$748)&" checks" -> 0 of 724 checks | H7: past due, not complete | J7: fail, qty variance or CA open | L7: GLD + menu checklist | N7: awaiting reference answer | P7: entries failing validation rules
B9: Checkpoint summary
B10: Checkpoint | D10: In scope | F10: Complete | H10: N/A (justified + rule) | I10: Open | J10: Overdue | L10: Completion | N10: What is checked
B11: T-7D | D11: =SUMIFS(Checks!$AI$5:$AI$748,Checks!$G$5:$G$748,"T-7D") -> 184 | F11: =SUMIFS(Checks!$AJ$5:$AJ$748,Checks!$G$5:$G$748,"T-7D") -> 0 | H11: =COUNTIFS(Checks!$G$5:$G$748,"T-7D",Checks!$AH$5:$AH$748,"N/A – JUSTIFIED*")+COUNTIFS(Checks!$G$5:$G$748,"T-7D",Checks!$AH$5:$AH$748,"N/A – RULE*") -> 20 | I11: =D11-F11 -> 184 | J11: =SUMIFS(Checks!$AK$5:$AK$748,Checks!$G$5:$G$748,"T-7D") -> 0 | L11: =IF(D11=0,"n/a",F11/D11) -> 0 | N11: Preparation checks due 7 days before STD
B12: T-24H | D12: =SUMIFS(Checks!$AI$5:$AI$748,Checks!$G$5:$G$748,"T-24H") -> 22 | F12: =SUMIFS(Checks!$AJ$5:$AJ$748,Checks!$G$5:$G$748,"T-24H") -> 0 | H12: =COUNTIFS(Checks!$G$5:$G$748,"T-24H",Checks!$AH$5:$AH$748,"N/A – JUSTIFIED*")+COUNTIFS(Checks!$G$5:$G$748,"T-24H",Checks!$AH$5:$AH$748,"N/A – RULE*") -> 0 | I12: =D12-F12 -> 22 | J12: =SUMIFS(Checks!$AK$5:$AK$748,Checks!$G$5:$G$748,"T-24H") -> 0 | L12: =IF(D12=0,"n/a",F12/D12) -> 0 | N12: Preparation checks due 24 hours before STD
B13: T-12H prep | D13: =SUMIFS(Checks!$AI$5:$AI$748,Checks!$G$5:$G$748,"T-12H PREP") -> 311 | F13: =SUMIFS(Checks!$AJ$5:$AJ$748,Checks!$G$5:$G$748,"T-12H PREP") -> 0 | H13: =COUNTIFS(Checks!$G$5:$G$748,"T-12H PREP",Checks!$AH$5:$AH$748,"N/A – JUSTIFIED*")+COUNTIFS(Checks!$G$5:$G$748,"T-12H PREP",Checks!$AH$5:$AH$748,"N/A – RULE*") -> 0 | I13: =D13-F13 -> 311 | J13: =SUMIFS(Checks!$AK$5:$AK$748,Checks!$G$5:$G$748,"T-12H PREP") -> 0 | L13: =IF(D13=0,"n/a",F13/D13) -> 0 | N13: Preparation checks due 12 hours before STD
B14: Uplift | D14: =SUMIFS(Checks!$AI$5:$AI$748,Checks!$G$5:$G$748,"UPLIFT") -> 207 | F14: =SUMIFS(Checks!$AJ$5:$AJ$748,Checks!$G$5:$G$748,"UPLIFT") -> 0 | H14: =COUNTIFS(Checks!$G$5:$G$748,"UPLIFT",Checks!$AH$5:$AH$748,"N/A – JUSTIFIED*")+COUNTIFS(Checks!$G$5:$G$748,"UPLIFT",Checks!$AH$5:$AH$748,"N/A – RULE*") -> 0 | I14: =D14-F14 -> 207 | J14: =SUMIFS(Checks!$AK$5:$AK$748,Checks!$G$5:$G$748,"UPLIFT") -> 0 | L14: =IF(D14=0,"n/a",F14/D14) -> 0 | N14: Physical uplift / on-board confirmation, due at STD
B15: All | D15: =SUM(D11:D14) -> 724 | F15: =SUM(F11:F14) -> 0 | H15: =SUM(H11:H14) -> 20 | I15: =SUM(I11:I14) -> 724 | J15: =SUM(J11:J14) -> 0 | L15: =IF(D15=0,"n/a",F15/D15) -> 0 | N15: Open = in scope − complete (includes overdue).
B17: How the figures are calculated
B18: Blank checks | E18: A check line with no Status / completion entry never counts as complete. It stays OPEN until its due time, then becomes OVERDUE.
B19: N/A | E19: N/A only removes a check from the denominator when it is either rule-based (applicability “N/A – rule”, e.g. fleet-specific items) or JUSTIFIED: Status N/A with a written N/A justification AND a named verifier. An unjustified or unverified N/A is flagged INVALID and still counts as open.
B20: Complete | E20: Status Pass or Pass after CA, with a completion time, evidence ref and verifier; plus the batch ID on T-24H lines and expected + actual quantity on quantity lines. A quantity variance is only accepted as Pass after CA with the CA status Closed. GLD / menu-checklist lines also need the document ON FILE (Documents sheet). The completion time must not be in the future or before the valid window, and uplift lines can only be completed within the uplift window before STD (Settings B7). Anything else is OPEN, OVERDUE or INVALID.
B21: Discrepancy | E21: An in-scope check is an open discrepancy when its Status is Fail, OR its CA status is Open, OR its quantity variance is not zero (unless Status is Pass after CA). It clears once the corrective action is recorded and closed.
B22: READY | E22: A flight is READY only when every in-scope check at all four checkpoints is complete – including the physical uplift confirmation – with zero open discrepancies, the GLD and menu checklist on file (Documents sheet) and no invalid entries. PREP DONE – AWAITING UPLIFT means all preparation checks are complete but the physical uplift is not yet confirmed.
B23: Lists | E23: The overdue and discrepancy pages list the first 18 / 18 lines in Checks order. Long text there is shortened with “…” – the full text is on the Checks sheet.
B24: Time basis | E24: Due times are computed in UTC from STD and shown in local time at the check station. As-of time is Settings B6: the override in B4 if set, otherwise the PC clock adjusted by the offset in B5.
B26: Per-flight readiness | L26: ="As of "&TEXT(AsOfUTC+8/24,"dd-mmm-yy hh:mm")&" MYT" -> As of 29-Sep-26 20:53 MYT
B27: Itin | C27: Flight | D27: Date | E27: Sector | F27: Cls | G27: Fleet | H27: STD local | I27: T-7D | J27: T-24H | K27: T-12H prep | L27: Uplift | M27: Overall | N27: Over-due | O27: Dis-crep. | P27: Docs out | Q27: Clarif. open | R27: Readiness
B28: =IF(Flights!$B$5="","",Flights!$B$5) -> 1 | C28: =IF(Flights!$F$5="","",Flights!$F$5) -> MH0001 | D28: =IF(Flights!$D$5="","",Flights!$D$5) -> 46303 | E28: =IF(Flights!$G$5="","",Flights!$G$5&"-"&Flights!$H$5) -> LHR-KUL | F28: =IF(Flights!$K$5="","",Flights!$K$5) -> EY | G28: =IF(Flights!$L$5="","",Flights!$L$5) -> A350 | H28: =IF(Flights!$I$5="","",Flights!$I$5) -> 46303.899 | I28: =IF(Flights!$AJ$5="","",Flights!$AJ$5) -> 0 | J28: =IF(Flights!$AK$5="","",Flights!$AK$5) -> 0 | K28: =IF(Flights!$AL$5="","",Flights!$AL$5) -> 0 | L28: =IF(Flights!$AM$5="","",Flights!$AM$5) -> 0 | M28: =IF(Flights!$AN$5="","",Flights!$AN$5) -> 0 | N28: =IF(Flights!$AP$5="","",Flights!$AP$5) -> 0 | O28: =IF(Flights!$AQ$5="","",Flights!$AQ$5) -> 0 | P28: =IF(Flights!$AR$5="","",Flights!$AR$5) -> 2 | Q28: =IF(Flights!$AS$5="","",Flights!$AS$5) -> 2 | R28: =IF(Flights!$AT$5="","",Flights!$AT$5) -> NOT READY – DOCUMENTS
B29: =IF(Flights!$B$6="","",Flights!$B$6) -> 1 | C29: =IF(Flights!$F$6="","",Flights!$F$6) -> MH0727 | D29: =IF(Flights!$D$6="","",Flights!$D$6) -> 46304 | E29: =IF(Flights!$G$6="","",Flights!$G$6&"-"&Flights!$H$6) -> KUL-CGK | F29: =IF(Flights!$K$6="","",Flights!$K$6) -> BC | G29: =IF(Flights!$L$6="","",Flights!$L$6) -> B738MAX | H29: =IF(Flights!$I$6="","",Flights!$I$6) -> 46304.91 | I29: =IF(Flights!$AJ$6="","",Flights!$AJ$6) -> 0 | J29: =IF(Flights!$AK$6="","",Flights!$AK$6) -> 0 | K29: =IF(Flights!$AL$6="","",Flights!$AL$6) -> 0 | L29: =IF(Flights!$AM$6="","",Flights!$AM$6) -> 0 | M29: =IF(Flights!$AN$6="","",Flights!$AN$6) -> 0 | N29: =IF(Flights!$AP$6="","",Flights!$AP$6) -> 0 | O29: =IF(Flights!$AQ$6="","",Flights!$AQ$6) -> 0 | P29: =IF(Flights!$AR$6="","",Flights!$AR$6) -> 2 | Q29: =IF(Flights!$AS$6="","",Flights!$AS$6) -> 2 | R29: =IF(Flights!$AT$6="","",Flights!$AT$6) -> NOT READY – DOCUMENTS
B30: =IF(Flights!$B$7="","",Flights!$B$7) -> 1 | C30: =IF(Flights!$F$7="","",Flights!$F$7) -> MH0720 | D30: =IF(Flights!$D$7="","",Flights!$D$7) -> 46305 | E30: =IF(Flights!$G$7="","",Flights!$G$7&"-"&Flights!$H$7) -> CGK-KUL | F30: =IF(Flights!$K$7="","",Flights!$K$7) -> EY | G30: =IF(Flights!$L$7="","",Flights!$L$7) -> A333 | H30: =IF(Flights!$I$7="","",Flights!$I$7) -> 46305.67 | I30: =IF(Flights!$AJ$7="","",Flights!$AJ$7) -> 0 | J30: =IF(Flights!$AK$7="","",Flights!$AK$7) -> 0 | K30: =IF(Flights!$AL$7="","",Flights!$AL$7) -> 0 | L30: =IF(Flights!$AM$7="","",Flights!$AM$7) -> 0 | M30: =IF(Flights!$AN$7="","",Flights!$AN$7) -> 0 | N30: =IF(Flights!$AP$7="","",Flights!$AP$7) -> 0 | O30: =IF(Flights!$AQ$7="","",Flights!$AQ$7) -> 0 | P30: =IF(Flights!$AR$7="","",Flights!$AR$7) -> 2 | Q30: =IF(Flights!$AS$7="","",Flights!$AS$7) -> 0 | R30: =IF(Flights!$AT$7="","",Flights!$AT$7) -> NOT READY – DOCUMENTS
B31: =IF(Flights!$B$8="","",Flights!$B$8) -> 1 | C31: =IF(Flights!$F$8="","",Flights!$F$8) -> MH0088 | D31: =IF(Flights!$D$8="","",Flights!$D$8) -> 46305 | E31: =IF(Flights!$G$8="","",Flights!$G$8&"-"&Flights!$H$8) -> KUL-NRT | F31: =IF(Flights!$K$8="","",Flights!$K$8) -> BC | G31: =IF(Flights!$L$8="","",Flights!$L$8) -> A350 | H31: =IF(Flights!$I$8="","",Flights!$I$8) -> 46305.979 | I31: =IF(Flights!$AJ$8="","",Flights!$AJ$8) -> 0 | J31: =IF(Flights!$AK$8="","",Flights!$AK$8) -> 0 | K31: =IF(Flights!$AL$8="","",Flights!$AL$8) -> 0 | L31: =IF(Flights!$AM$8="","",Flights!$AM$8) -> 0 | M31: =IF(Flights!$AN$8="","",Flights!$AN$8) -> 0 | N31: =IF(Flights!$AP$8="","",Flights!$AP$8) -> 0 | O31: =IF(Flights!$AQ$8="","",Flights!$AQ$8) -> 0 | P31: =IF(Flights!$AR$8="","",Flights!$AR$8) -> 2 | Q31: =IF(Flights!$AS$8="","",Flights!$AS$8) -> 1 | R31: =IF(Flights!$AT$8="","",Flights!$AT$8) -> NOT READY – DOCUMENTS
B32: =IF(Flights!$B$9="","",Flights!$B$9) -> 1 | C32: =IF(Flights!$F$9="","",Flights!$F$9) -> MH0089 | D32: =IF(Flights!$D$9="","",Flights!$D$9) -> 46310 | E32: =IF(Flights!$G$9="","",Flights!$G$9&"-"&Flights!$H$9) -> NRT-KUL | F32: =IF(Flights!$K$9="","",Flights!$K$9) -> EY | G32: =IF(Flights!$L$9="","",Flights!$L$9) -> A350 | H32: =IF(Flights!$I$9="","",Flights!$I$9) -> 46310.42 | I32: =IF(Flights!$AJ$9="","",Flights!$AJ$9) -> 0 | J32: =IF(Flights!$AK$9="","",Flights!$AK$9) -> 0 | K32: =IF(Flights!$AL$9="","",Flights!$AL$9) -> 0 | L32: =IF(Flights!$AM$9="","",Flights!$AM$9) -> 0 | M32: =IF(Flights!$AN$9="","",Flights!$AN$9) -> 0 | N32: =IF(Flights!$AP$9="","",Flights!$AP$9) -> 0 | O32: =IF(Flights!$AQ$9="","",Flights!$AQ$9) -> 0 | P32: =IF(Flights!$AR$9="","",Flights!$AR$9) -> 2 | Q32: =IF(Flights!$AS$9="","",Flights!$AS$9) -> 4 | R32: =IF(Flights!$AT$9="","",Flights!$AT$9) -> NOT READY – DOCUMENTS
B33: =IF(Flights!$B$10="","",Flights!$B$10) -> 1 | C33: =IF(Flights!$F$10="","",Flights!$F$10) -> MH0002 | D33: =IF(Flights!$D$10="","",Flights!$D$10) -> 46310 | E33: =IF(Flights!$G$10="","",Flights!$G$10&"-"&Flights!$H$10) -> KUL-LHR | F33: =IF(Flights!$K$10="","",Flights!$K$10) -> BC | G33: =IF(Flights!$L$10="","",Flights!$L$10) -> A350 | H33: =IF(Flights!$I$10="","",Flights!$I$10) -> 46310.972 | I33: =IF(Flights!$AJ$10="","",Flights!$AJ$10) -> 0 | J33: =IF(Flights!$AK$10="","",Flights!$AK$10) -> 0 | K33: =IF(Flights!$AL$10="","",Flights!$AL$10) -> 0 | L33: =IF(Flights!$AM$10="","",Flights!$AM$10) -> 0 | M33: =IF(Flights!$AN$10="","",Flights!$AN$10) -> 0 | N33: =IF(Flights!$AP$10="","",Flights!$AP$10) -> 0 | O33: =IF(Flights!$AQ$10="","",Flights!$AQ$10) -> 0 | P33: =IF(Flights!$AR$10="","",Flights!$AR$10) -> 2 | Q33: =IF(Flights!$AS$10="","",Flights!$AS$10) -> 2 | R33: =IF(Flights!$AT$10="","",Flights!$AT$10) -> NOT READY – DOCUMENTS
B34: =IF(Flights!$B$11="","",Flights!$B$11) -> 2 | C34: =IF(Flights!$F$11="","",Flights!$F$11) -> MH0003 | D34: =IF(Flights!$D$11="","",Flights!$D$11) -> 46304 | E34: =IF(Flights!$G$11="","",Flights!$G$11&"-"&Flights!$H$11) -> LHR-KUL | F34: =IF(Flights!$K$11="","",Flights!$K$11) -> BC | G34: =IF(Flights!$L$11="","",Flights!$L$11) -> A350 | H34: =IF(Flights!$I$11="","",Flights!$I$11) -> 46304.458 | I34: =IF(Flights!$AJ$11="","",Flights!$AJ$11) -> 0 | J34: =IF(Flights!$AK$11="","",Flights!$AK$11) -> 0 | K34: =IF(Flights!$AL$11="","",Flights!$AL$11) -> 0 | L34: =IF(Flights!$AM$11="","",Flights!$AM$11) -> 0 | M34: =IF(Flights!$AN$11="","",Flights!$AN$11) -> 0 | N34: =IF(Flights!$AP$11="","",Flights!$AP$11) -> 0 | O34: =IF(Flights!$AQ$11="","",Flights!$AQ$11) -> 0 | P34: =IF(Flights!$AR$11="","",Flights!$AR$11) -> 2 | Q34: =IF(Flights!$AS$11="","",Flights!$AS$11) -> 3 | R34: =IF(Flights!$AT$11="","",Flights!$AT$11) -> NOT READY – DOCUMENTS
B35: =IF(Flights!$B$12="","",Flights!$B$12) -> 2 | C35: =IF(Flights!$F$12="","",Flights!$F$12) -> MH0752 | D35: =IF(Flights!$D$12="","",Flights!$D$12) -> 46305 | E35: =IF(Flights!$G$12="","",Flights!$G$12&"-"&Flights!$H$12) -> KUL-HAN | F35: =IF(Flights!$K$12="","",Flights!$K$12) -> EY | G35: =IF(Flights!$L$12="","",Flights!$L$12) -> B738MAX | H35: =IF(Flights!$I$12="","",Flights!$I$12) -> 46305.399 | I35: =IF(Flights!$AJ$12="","",Flights!$AJ$12) -> 0 | J35: =IF(Flights!$AK$12="","",Flights!$AK$12) -> 0 | K35: =IF(Flights!$AL$12="","",Flights!$AL$12) -> 0 | L35: =IF(Flights!$AM$12="","",Flights!$AM$12) -> 0 | M35: =IF(Flights!$AN$12="","",Flights!$AN$12) -> 0 | N35: =IF(Flights!$AP$12="","",Flights!$AP$12) -> 0 | O35: =IF(Flights!$AQ$12="","",Flights!$AQ$12) -> 0 | P35: =IF(Flights!$AR$12="","",Flights!$AR$12) -> 2 | Q35: =IF(Flights!$AS$12="","",Flights!$AS$12) -> 0 | R35: =IF(Flights!$AT$12="","",Flights!$AT$12) -> NOT READY – DOCUMENTS
B36: =IF(Flights!$B$13="","",Flights!$B$13) -> 2 | C36: =IF(Flights!$F$13="","",Flights!$F$13) -> MH0753 | D36: =IF(Flights!$D$13="","",Flights!$D$13) -> 46306 | E36: =IF(Flights!$G$13="","",Flights!$G$13&"-"&Flights!$H$13) -> HAN-KUL | F36: =IF(Flights!$K$13="","",Flights!$K$13) -> BC | G36: =IF(Flights!$L$13="","",Flights!$L$13) -> B738MAX | H36: =IF(Flights!$I$13="","",Flights!$I$13) -> 46306.545 | I36: =IF(Flights!$AJ$13="","",Flights!$AJ$13) -> 0 | J36: =IF(Flights!$AK$13="","",Flights!$AK$13) -> 0 | K36: =IF(Flights!$AL$13="","",Flights!$AL$13) -> 0 | L36: =IF(Flights!$AM$13="","",Flights!$AM$13) -> 0 | M36: =IF(Flights!$AN$13="","",Flights!$AN$13) -> 0 | N36: =IF(Flights!$AP$13="","",Flights!$AP$13) -> 0 | O36: =IF(Flights!$AQ$13="","",Flights!$AQ$13) -> 0 | P36: =IF(Flights!$AR$13="","",Flights!$AR$13) -> 2 | Q36: =IF(Flights!$AS$13="","",Flights!$AS$13) -> 2 | R36: =IF(Flights!$AT$13="","",Flights!$AT$13) -> NOT READY – DOCUMENTS
B37: =IF(Flights!$B$14="","",Flights!$B$14) -> 2 | C37: =IF(Flights!$F$14="","",Flights!$F$14) -> MH1140 | D37: =IF(Flights!$D$14="","",Flights!$D$14) -> 46307 | E37: =IF(Flights!$G$14="","",Flights!$G$14&"-"&Flights!$H$14) -> KUL-PEN | F37: =IF(Flights!$K$14="","",Flights!$K$14) -> BC | G37: =IF(Flights!$L$14="","",Flights!$L$14) -> B738MAX | H37: =IF(Flights!$I$14="","",Flights!$I$14) -> 46307.49 | I37: =IF(Flights!$AJ$14="","",Flights!$AJ$14) -> 0 | J37: =IF(Flights!$AK$14="","",Flights!$AK$14) -> 0 | K37: =IF(Flights!$AL$14="","",Flights!$AL$14) -> 0 | L37: =IF(Flights!$AM$14="","",Flights!$AM$14) -> 0 | M37: =IF(Flights!$AN$14="","",Flights!$AN$14) -> 0 | N37: =IF(Flights!$AP$14="","",Flights!$AP$14) -> 0 | O37: =IF(Flights!$AQ$14="","",Flights!$AQ$14) -> 0 | P37: =IF(Flights!$AR$14="","",Flights!$AR$14) -> 2 | Q37: =IF(Flights!$AS$14="","",Flights!$AS$14) -> 0 | R37: =IF(Flights!$AT$14="","",Flights!$AT$14) -> NOT READY – DOCUMENTS
B38: =IF(Flights!$B$15="","",Flights!$B$15) -> 2 | C38: =IF(Flights!$F$15="","",Flights!$F$15) -> MH1149 | D38: =IF(Flights!$D$15="","",Flights!$D$15) -> 46307 | E38: =IF(Flights!$G$15="","",Flights!$G$15&"-"&Flights!$H$15) -> PEN-KUL | F38: =IF(Flights!$K$15="","",Flights!$K$15) -> EY | G38: =IF(Flights!$L$15="","",Flights!$L$15) -> B738MAX | H38: =IF(Flights!$I$15="","",Flights!$I$15) -> 46307.66 | I38: =IF(Flights!$AJ$15="","",Flights!$AJ$15) -> 0 | J38: =IF(Flights!$AK$15="","",Flights!$AK$15) -> 0 | K38: =IF(Flights!$AL$15="","",Flights!$AL$15) -> 0 | L38: =IF(Flights!$AM$15="","",Flights!$AM$15) -> 0 | M38: =IF(Flights!$AN$15="","",Flights!$AN$15) -> 0 | N38: =IF(Flights!$AP$15="","",Flights!$AP$15) -> 0 | O38: =IF(Flights!$AQ$15="","",Flights!$AQ$15) -> 0 | P38: =IF(Flights!$AR$15="","",Flights!$AR$15) -> 2 | Q38: =IF(Flights!$AS$15="","",Flights!$AS$15) -> 1 | R38: =IF(Flights!$AT$15="","",Flights!$AT$15) -> NOT READY – DOCUMENTS
B39: =IF(Flights!$B$16="","",Flights!$B$16) -> 2 | C39: =IF(Flights!$F$16="","",Flights!$F$16) -> MH0139 | D39: =IF(Flights!$D$16="","",Flights!$D$16) -> 46307 | E39: =IF(Flights!$G$16="","",Flights!$G$16&"-"&Flights!$H$16) -> KUL-ADL | F39: =IF(Flights!$K$16="","",Flights!$K$16) -> BC | G39: =IF(Flights!$L$16="","",Flights!$L$16) -> A339 | H39: =IF(Flights!$I$16="","",Flights!$I$16) -> 46307.934 | I39: =IF(Flights!$AJ$16="","",Flights!$AJ$16) -> 0 | J39: =IF(Flights!$AK$16="","",Flights!$AK$16) -> 0 | K39: =IF(Flights!$AL$16="","",Flights!$AL$16) -> 0 | L39: =IF(Flights!$AM$16="","",Flights!$AM$16) -> 0 | M39: =IF(Flights!$AN$16="","",Flights!$AN$16) -> 0 | N39: =IF(Flights!$AP$16="","",Flights!$AP$16) -> 0 | O39: =IF(Flights!$AQ$16="","",Flights!$AQ$16) -> 0 | P39: =IF(Flights!$AR$16="","",Flights!$AR$16) -> 2 | Q39: =IF(Flights!$AS$16="","",Flights!$AS$16) -> 0 | R39: =IF(Flights!$AT$16="","",Flights!$AT$16) -> NOT READY – DOCUMENTS
B40: =IF(Flights!$B$17="","",Flights!$B$17) -> 2 | C40: =IF(Flights!$F$17="","",Flights!$F$17) -> MH0138 | D40: =IF(Flights!$D$17="","",Flights!$D$17) -> 46309 | E40: =IF(Flights!$G$17="","",Flights!$G$17&"-"&Flights!$H$17) -> ADL-KUL | F40: =IF(Flights!$K$17="","",Flights!$K$17) -> EY | G40: =IF(Flights!$L$17="","",Flights!$L$17) -> A339 | H40: =IF(Flights!$I$17="","",Flights!$I$17) -> 46309.448 | I40: =IF(Flights!$AJ$17="","",Flights!$AJ$17) -> 0 | J40: =IF(Flights!$AK$17="","",Flights!$AK$17) -> 0 | K40: =IF(Flights!$AL$17="","",Flights!$AL$17) -> 0 | L40: =IF(Flights!$AM$17="","",Flights!$AM$17) -> 0 | M40: =IF(Flights!$AN$17="","",Flights!$AN$17) -> 0 | N40: =IF(Flights!$AP$17="","",Flights!$AP$17) -> 0 | O40: =IF(Flights!$AQ$17="","",Flights!$AQ$17) -> 0 | P40: =IF(Flights!$AR$17="","",Flights!$AR$17) -> 2 | Q40: =IF(Flights!$AS$17="","",Flights!$AS$17) -> 3 | R40: =IF(Flights!$AT$17="","",Flights!$AT$17) -> NOT READY – DOCUMENTS
B41: =IF(Flights!$B$18="","",Flights!$B$18) -> 2 | C41: =IF(Flights!$F$18="","",Flights!$F$18) -> MH0004 | D41: =IF(Flights!$D$18="","",Flights!$D$18) -> 46310 | E41: =IF(Flights!$G$18="","",Flights!$G$18&"-"&Flights!$H$18) -> KUL-LHR | F41: =IF(Flights!$K$18="","",Flights!$K$18) -> EY | G41: =IF(Flights!$L$18="","",Flights!$L$18) -> A350 | H41: =IF(Flights!$I$18="","",Flights!$I$18) -> 46310.41 | I41: =IF(Flights!$AJ$18="","",Flights!$AJ$18) -> 0 | J41: =IF(Flights!$AK$18="","",Flights!$AK$18) -> 0 | K41: =IF(Flights!$AL$18="","",Flights!$AL$18) -> 0 | L41: =IF(Flights!$AM$18="","",Flights!$AM$18) -> 0 | M41: =IF(Flights!$AN$18="","",Flights!$AN$18) -> 0 | N41: =IF(Flights!$AP$18="","",Flights!$AP$18) -> 0 | O41: =IF(Flights!$AQ$18="","",Flights!$AQ$18) -> 0 | P41: =IF(Flights!$AR$18="","",Flights!$AR$18) -> 2 | Q41: =IF(Flights!$AS$18="","",Flights!$AS$18) -> 2 | R41: =IF(Flights!$AT$18="","",Flights!$AT$18) -> NOT READY – DOCUMENTS
B42: =IF(Flights!$B$19="","",Flights!$B$19) -> 3 | C42: =IF(Flights!$F$19="","",Flights!$F$19) -> MH0003 | D42: =IF(Flights!$D$19="","",Flights!$D$19) -> 46320 | E42: =IF(Flights!$G$19="","",Flights!$G$19&"-"&Flights!$H$19) -> LHR-KUL | F42: =IF(Flights!$K$19="","",Flights!$K$19) -> EY | G42: =IF(Flights!$L$19="","",Flights!$L$19) -> A350 | H42: =IF(Flights!$I$19="","",Flights!$I$19) -> 46320.458 | I42: =IF(Flights!$AJ$19="","",Flights!$AJ$19) -> 0 | J42: =IF(Flights!$AK$19="","",Flights!$AK$19) -> 0 | K42: =IF(Flights!$AL$19="","",Flights!$AL$19) -> 0 | L42: =IF(Flights!$AM$19="","",Flights!$AM$19) -> 0 | M42: =IF(Flights!$AN$19="","",Flights!$AN$19) -> 0 | N42: =IF(Flights!$AP$19="","",Flights!$AP$19) -> 0 | O42: =IF(Flights!$AQ$19="","",Flights!$AQ$19) -> 0 | P42: =IF(Flights!$AR$19="","",Flights!$AR$19) -> 2 | Q42: =IF(Flights!$AS$19="","",Flights!$AS$19) -> 2 | R42: =IF(Flights!$AT$19="","",Flights!$AT$19) -> NOT READY – DOCUMENTS
B43: =IF(Flights!$B$20="","",Flights!$B$20) -> 3 | C43: =IF(Flights!$F$20="","",Flights!$F$20) -> MH0072 | D43: =IF(Flights!$D$20="","",Flights!$D$20) -> 46321 | E43: =IF(Flights!$G$20="","",Flights!$G$20&"-"&Flights!$H$20) -> KUL-HKG | F43: =IF(Flights!$K$20="","",Flights!$K$20) -> EY | G43: =IF(Flights!$L$20="","",Flights!$L$20) -> B738MAX | H43: =IF(Flights!$I$20="","",Flights!$I$20) -> 46321.382 | I43: =IF(Flights!$AJ$20="","",Flights!$AJ$20) -> 0 | J43: =IF(Flights!$AK$20="","",Flights!$AK$20) -> 0 | K43: =IF(Flights!$AL$20="","",Flights!$AL$20) -> 0 | L43: =IF(Flights!$AM$20="","",Flights!$AM$20) -> 0 | M43: =IF(Flights!$AN$20="","",Flights!$AN$20) -> 0 | N43: =IF(Flights!$AP$20="","",Flights!$AP$20) -> 0 | O43: =IF(Flights!$AQ$20="","",Flights!$AQ$20) -> 0 | P43: =IF(Flights!$AR$20="","",Flights!$AR$20) -> 2 | Q43: =IF(Flights!$AS$20="","",Flights!$AS$20) -> 1 | R43: =IF(Flights!$AT$20="","",Flights!$AT$20) -> NOT READY – DOCUMENTS
B44: =IF(Flights!$B$21="","",Flights!$B$21) -> 3 | C44: =IF(Flights!$F$21="","",Flights!$F$21) -> MH0073 | D44: =IF(Flights!$D$21="","",Flights!$D$21) -> 46322 | E44: =IF(Flights!$G$21="","",Flights!$G$21&"-"&Flights!$H$21) -> HKG-KUL | F44: =IF(Flights!$K$21="","",Flights!$K$21) -> BC | G44: =IF(Flights!$L$21="","",Flights!$L$21) -> B738MAX | H44: =IF(Flights!$I$21="","",Flights!$I$21) -> 46322.618 | I44: =IF(Flights!$AJ$21="","",Flights!$AJ$21) -> 0 | J44: =IF(Flights!$AK$21="","",Flights!$AK$21) -> 0 | K44: =IF(Flights!$AL$21="","",Flights!$AL$21) -> 0 | L44: =IF(Flights!$AM$21="","",Flights!$AM$21) -> 0 | M44: =IF(Flights!$AN$21="","",Flights!$AN$21) -> 0 | N44: =IF(Flights!$AP$21="","",Flights!$AP$21) -> 0 | O44: =IF(Flights!$AQ$21="","",Flights!$AQ$21) -> 0 | P44: =IF(Flights!$AR$21="","",Flights!$AR$21) -> 2 | Q44: =IF(Flights!$AS$21="","",Flights!$AS$21) -> 4 | R44: =IF(Flights!$AT$21="","",Flights!$AT$21) -> NOT READY – DOCUMENTS
B45: =IF(Flights!$B$22="","",Flights!$B$22) -> 3 | C45: =IF(Flights!$F$22="","",Flights!$F$22) -> MH0052 | D45: =IF(Flights!$D$22="","",Flights!$D$22) -> 46322 | E45: =IF(Flights!$G$22="","",Flights!$G$22&"-"&Flights!$H$22) -> KUL-KIX | F45: =IF(Flights!$K$22="","",Flights!$K$22) -> BC | G45: =IF(Flights!$L$22="","",Flights!$L$22) -> A333 | H45: =IF(Flights!$I$22="","",Flights!$I$22) -> 46322.934 | I45: =IF(Flights!$AJ$22="","",Flights!$AJ$22) -> 0 | J45: =IF(Flights!$AK$22="","",Flights!$AK$22) -> 0 | K45: =IF(Flights!$AL$22="","",Flights!$AL$22) -> 0 | L45: =IF(Flights!$AM$22="","",Flights!$AM$22) -> 0 | M45: =IF(Flights!$AN$22="","",Flights!$AN$22) -> 0 | N45: =IF(Flights!$AP$22="","",Flights!$AP$22) -> 0 | O45: =IF(Flights!$AQ$22="","",Flights!$AQ$22) -> 0 | P45: =IF(Flights!$AR$22="","",Flights!$AR$22) -> 2 | Q45: =IF(Flights!$AS$22="","",Flights!$AS$22) -> 0 | R45: =IF(Flights!$AT$22="","",Flights!$AT$22) -> NOT READY – DOCUMENTS
B46: =IF(Flights!$B$23="","",Flights!$B$23) -> 3 | C46: =IF(Flights!$F$23="","",Flights!$F$23) -> MH0053 | D46: =IF(Flights!$D$23="","",Flights!$D$23) -> 46324 | E46: =IF(Flights!$G$23="","",Flights!$G$23&"-"&Flights!$H$23) -> KIX-KUL | F46: =IF(Flights!$K$23="","",Flights!$K$23) -> EY | G46: =IF(Flights!$L$23="","",Flights!$L$23) -> A333 | H46: =IF(Flights!$I$23="","",Flights!$I$23) -> 46324.403 | I46: =IF(Flights!$AJ$23="","",Flights!$AJ$23) -> 0 | J46: =IF(Flights!$AK$23="","",Flights!$AK$23) -> 0 | K46: =IF(Flights!$AL$23="","",Flights!$AL$23) -> 0 | L46: =IF(Flights!$AM$23="","",Flights!$AM$23) -> 0 | M46: =IF(Flights!$AN$23="","",Flights!$AN$23) -> 0 | N46: =IF(Flights!$AP$23="","",Flights!$AP$23) -> 0 | O46: =IF(Flights!$AQ$23="","",Flights!$AQ$23) -> 0 | P46: =IF(Flights!$AR$23="","",Flights!$AR$23) -> 2 | Q46: =IF(Flights!$AS$23="","",Flights!$AS$23) -> 1 | R46: =IF(Flights!$AT$23="","",Flights!$AT$23) -> NOT READY – DOCUMENTS
B47: =IF(Flights!$B$24="","",Flights!$B$24) -> 3 | C47: =IF(Flights!$F$24="","",Flights!$F$24) -> MH1450 | D47: =IF(Flights!$D$24="","",Flights!$D$24) -> 46324 | E47: =IF(Flights!$G$24="","",Flights!$G$24&"-"&Flights!$H$24) -> KUL-LGK | F47: =IF(Flights!$K$24="","",Flights!$K$24) -> EY | G47: =IF(Flights!$L$24="","",Flights!$L$24) -> B738MAX | H47: =IF(Flights!$I$24="","",Flights!$I$24) -> 46324.771 | I47: =IF(Flights!$AJ$24="","",Flights!$AJ$24) -> 0 | J47: =IF(Flights!$AK$24="","",Flights!$AK$24) -> 0 | K47: =IF(Flights!$AL$24="","",Flights!$AL$24) -> 0 | L47: =IF(Flights!$AM$24="","",Flights!$AM$24) -> 0 | M47: =IF(Flights!$AN$24="","",Flights!$AN$24) -> 0 | N47: =IF(Flights!$AP$24="","",Flights!$AP$24) -> 0 | O47: =IF(Flights!$AQ$24="","",Flights!$AQ$24) -> 0 | P47: =IF(Flights!$AR$24="","",Flights!$AR$24) -> 2 | Q47: =IF(Flights!$AS$24="","",Flights!$AS$24) -> 0 | R47: =IF(Flights!$AT$24="","",Flights!$AT$24) -> NOT READY – DOCUMENTS
B48: =IF(Flights!$B$25="","",Flights!$B$25) -> 3 | C48: =IF(Flights!$F$25="","",Flights!$F$25) -> MH1437 | D48: =IF(Flights!$D$25="","",Flights!$D$25) -> 46325 | E48: =IF(Flights!$G$25="","",Flights!$G$25&"-"&Flights!$H$25) -> LGK-KUL | F48: =IF(Flights!$K$25="","",Flights!$K$25) -> BC | G48: =IF(Flights!$L$25="","",Flights!$L$25) -> B738MAX | H48: =IF(Flights!$I$25="","",Flights!$I$25) -> 46325.615 | I48: =IF(Flights!$AJ$25="","",Flights!$AJ$25) -> 0 | J48: =IF(Flights!$AK$25="","",Flights!$AK$25) -> 0 | K48: =IF(Flights!$AL$25="","",Flights!$AL$25) -> 0 | L48: =IF(Flights!$AM$25="","",Flights!$AM$25) -> 0 | M48: =IF(Flights!$AN$25="","",Flights!$AN$25) -> 0 | N48: =IF(Flights!$AP$25="","",Flights!$AP$25) -> 0 | O48: =IF(Flights!$AQ$25="","",Flights!$AQ$25) -> 0 | P48: =IF(Flights!$AR$25="","",Flights!$AR$25) -> 2 | Q48: =IF(Flights!$AS$25="","",Flights!$AS$25) -> 1 | R48: =IF(Flights!$AT$25="","",Flights!$AT$25) -> NOT READY – DOCUMENTS
B49: =IF(Flights!$B$26="","",Flights!$B$26) -> 3 | C49: =IF(Flights!$F$26="","",Flights!$F$26) -> MH0002 | D49: =IF(Flights!$D$26="","",Flights!$D$26) -> 46325 | E49: =IF(Flights!$G$26="","",Flights!$G$26&"-"&Flights!$H$26) -> KUL-LHR | F49: =IF(Flights!$K$26="","",Flights!$K$26) -> BC | G49: =IF(Flights!$L$26="","",Flights!$L$26) -> A350 | H49: =IF(Flights!$I$26="","",Flights!$I$26) -> 46325.972 | I49: =IF(Flights!$AJ$26="","",Flights!$AJ$26) -> 0 | J49: =IF(Flights!$AK$26="","",Flights!$AK$26) -> 0 | K49: =IF(Flights!$AL$26="","",Flights!$AL$26) -> 0 | L49: =IF(Flights!$AM$26="","",Flights!$AM$26) -> 0 | M49: =IF(Flights!$AN$26="","",Flights!$AN$26) -> 0 | N49: =IF(Flights!$AP$26="","",Flights!$AP$26) -> 0 | O49: =IF(Flights!$AQ$26="","",Flights!$AQ$26) -> 0 | P49: =IF(Flights!$AR$26="","",Flights!$AR$26) -> 2 | Q49: =IF(Flights!$AS$26="","",Flights!$AS$26) -> 2 | R49: =IF(Flights!$AT$26="","",Flights!$AT$26) -> NOT READY – DOCUMENTS
B50: T-7D / T-24H / T-12H prep / Uplift / Overall = % of in-scope checks complete (“n/a” = no in-scope checks). Over-due, Dis-crep., Docs out, Clarif. open are counts; above zero shown in red. Source: Flights sheet rows 5–26.
B52: Overdue actions (first 18) | L52: ="Showing "&MIN(18,SUM(Checks!$AK$5:$AK$748))&" of "&SUM(Checks!$AK$5:$AK$748)&" • as of "&TEXT(AsOfUTC+8/24,"dd-mmm-yy hh:mm")&" MYT" -> Showing 0 of 0 • as of 29-Sep-26 20:53 MYT
B53: # | C53: CheckID | E53: Flight | F53: Checkpoint | H53: Check item | N53: Due local @ stn | P53: PIC | R53: Record state | T53: Checks row
B54: =IF($T54="","",1) | C54: =IF($T54="","",IF(LEN(INDEX(Checks!$A$5:$A$748,$T54-4))>28,LEFT(INDEX(Checks!$A$5:$A$748,$T54-4),27)&"…",INDEX(Checks!$A$5:$A$748,$T54-4)&"")) | E54: =IF($T54="","",IF(LEN(INDEX(Checks!$C$5:$C$748,$T54-4))>14,LEFT(INDEX(Checks!$C$5:$C$748,$T54-4),13)&"…",INDEX(Checks!$C$5:$C$748,$T54-4)&"")) | F54: =IF($T54="","",IF(LEN(INDEX(Checks!$G$5:$G$748,$T54-4))>25,LEFT(INDEX(Checks!$G$5:$G$748,$T54-4),24)&"…",INDEX(Checks!$G$5:$G$748,$T54-4)&"")) | H54: =IF($T54="","",IF(LEN(INDEX(Checks!$J$5:$J$748,$T54-4))>100,LEFT(INDEX(Checks!$J$5:$J$748,$T54-4),99)&"…",INDEX(Checks!$J$5:$J$748,$T54-4)&"")) | N54: =IF($T54="","",IF(ISNUMBER(INDEX(Checks!$R$5:$R$748,$T54-4)),TEXT(INDEX(Checks!$R$5:$R$748,$T54-4),"dd-mmm hh:mm"),"")&" "&INDEX(Checks!$P$5:$P$748,$T54-4)) | P54: =IF($T54="","",IF(LEN(INDEX(Checks!$T$5:$T$748,$T54-4))>27,LEFT(INDEX(Checks!$T$5:$T$748,$T54-4),26)&"…",INDEX(Checks!$T$5:$T$748,$T54-4)&"")) | R54: =IF($T54="","",IF(LEN(INDEX(Checks!$AH$5:$AH$748,$T54-4))>53,LEFT(INDEX(Checks!$AH$5:$AH$748,$T54-4),52)&"…",INDEX(Checks!$AH$5:$AH$748,$T54-4)&"")) | T54: =IFERROR(MATCH(1,Checks!$AO$5:$AO$748,0)+4,"")
B55: =IF($T55="","",2) | C55: =IF($T55="","",IF(LEN(INDEX(Checks!$A$5:$A$748,$T55-4))>28,LEFT(INDEX(Checks!$A$5:$A$748,$T55-4),27)&"…",INDEX(Checks!$A$5:$A$748,$T55-4)&"")) | E55: =IF($T55="","",IF(LEN(INDEX(Checks!$C$5:$C$748,$T55-4))>14,LEFT(INDEX(Checks!$C$5:$C$748,$T55-4),13)&"…",INDEX(Checks!$C$5:$C$748,$T55-4)&"")) | F55: =IF($T55="","",IF(LEN(INDEX(Checks!$G$5:$G$748,$T55-4))>25,LEFT(INDEX(Checks!$G$5:$G$748,$T55-4),24)&"…",INDEX(Checks!$G$5:$G$748,$T55-4)&"")) | H55: =IF($T55="","",IF(LEN(INDEX(Checks!$J$5:$J$748,$T55-4))>100,LEFT(INDEX(Checks!$J$5:$J$748,$T55-4),99)&"…",INDEX(Checks!$J$5:$J$748,$T55-4)&"")) | N55: =IF($T55="","",IF(ISNUMBER(INDEX(Checks!$R$5:$R$748,$T55-4)),TEXT(INDEX(Checks!$R$5:$R$748,$T55-4),"dd-mmm hh:mm"),"")&" "&INDEX(Checks!$P$5:$P$748,$T55-4)) | P55: =IF($T55="","",IF(LEN(INDEX(Checks!$T$5:$T$748,$T55-4))>27,LEFT(INDEX(Checks!$T$5:$T$748,$T55-4),26)&"…",INDEX(Checks!$T$5:$T$748,$T55-4)&"")) | R55: =IF($T55="","",IF(LEN(INDEX(Checks!$AH$5:$AH$748,$T55-4))>53,LEFT(INDEX(Checks!$AH$5:$AH$748,$T55-4),52)&"…",INDEX(Checks!$AH$5:$AH$748,$T55-4)&"")) | T55: =IFERROR(MATCH(2,Checks!$AO$5:$AO$748,0)+4,"")
B56: =IF($T56="","",3) | C56: =IF($T56="","",IF(LEN(INDEX(Checks!$A$5:$A$748,$T56-4))>28,LEFT(INDEX(Checks!$A$5:$A$748,$T56-4),27)&"…",INDEX(Checks!$A$5:$A$748,$T56-4)&"")) | E56: =IF($T56="","",IF(LEN(INDEX(Checks!$C$5:$C$748,$T56-4))>14,LEFT(INDEX(Checks!$C$5:$C$748,$T56-4),13)&"…",INDEX(Checks!$C$5:$C$748,$T56-4)&"")) | F56: =IF($T56="","",IF(LEN(INDEX(Checks!$G$5:$G$748,$T56-4))>25,LEFT(INDEX(Checks!$G$5:$G$748,$T56-4),24)&"…",INDEX(Checks!$G$5:$G$748,$T56-4)&"")) | H56: =IF($T56="","",IF(LEN(INDEX(Checks!$J$5:$J$748,$T56-4))>100,LEFT(INDEX(Checks!$J$5:$J$748,$T56-4),99)&"…",INDEX(Checks!$J$5:$J$748,$T56-4)&"")) | N56: =IF($T56="","",IF(ISNUMBER(INDEX(Checks!$R$5:$R$748,$T56-4)),TEXT(INDEX(Checks!$R$5:$R$748,$T56-4),"dd-mmm hh:mm"),"")&" "&INDEX(Checks!$P$5:$P$748,$T56-4)) | P56: =IF($T56="","",IF(LEN(INDEX(Checks!$T$5:$T$748,$T56-4))>27,LEFT(INDEX(Checks!$T$5:$T$748,$T56-4),26)&"…",INDEX(Checks!$T$5:$T$748,$T56-4)&"")) | R56: =IF($T56="","",IF(LEN(INDEX(Checks!$AH$5:$AH$748,$T56-4))>53,LEFT(INDEX(Checks!$AH$5:$AH$748,$T56-4),52)&"…",INDEX(Checks!$AH$5:$AH$748,$T56-4)&"")) | T56: =IFERROR(MATCH(3,Checks!$AO$5:$AO$748,0)+4,"")
B57: =IF($T57="","",4) | C57: =IF($T57="","",IF(LEN(INDEX(Checks!$A$5:$A$748,$T57-4))>28,LEFT(INDEX(Checks!$A$5:$A$748,$T57-4),27)&"…",INDEX(Checks!$A$5:$A$748,$T57-4)&"")) | E57: =IF($T57="","",IF(LEN(INDEX(Checks!$C$5:$C$748,$T57-4))>14,LEFT(INDEX(Checks!$C$5:$C$748,$T57-4),13)&"…",INDEX(Checks!$C$5:$C$748,$T57-4)&"")) | F57: =IF($T57="","",IF(LEN(INDEX(Checks!$G$5:$G$748,$T57-4))>25,LEFT(INDEX(Checks!$G$5:$G$748,$T57-4),24)&"…",INDEX(Checks!$G$5:$G$748,$T57-4)&"")) | H57: =IF($T57="","",IF(LEN(INDEX(Checks!$J$5:$J$748,$T57-4))>100,LEFT(INDEX(Checks!$J$5:$J$748,$T57-4),99)&"…",INDEX(Checks!$J$5:$J$748,$T57-4)&"")) | N57: =IF($T57="","",IF(ISNUMBER(INDEX(Checks!$R$5:$R$748,$T57-4)),TEXT(INDEX(Checks!$R$5:$R$748,$T57-4),"dd-mmm hh:mm"),"")&" "&INDEX(Checks!$P$5:$P$748,$T57-4)) | P57: =IF($T57="","",IF(LEN(INDEX(Checks!$T$5:$T$748,$T57-4))>27,LEFT(INDEX(Checks!$T$5:$T$748,$T57-4),26)&"…",INDEX(Checks!$T$5:$T$748,$T57-4)&"")) | R57: =IF($T57="","",IF(LEN(INDEX(Checks!$AH$5:$AH$748,$T57-4))>53,LEFT(INDEX(Checks!$AH$5:$AH$748,$T57-4),52)&"…",INDEX(Checks!$AH$5:$AH$748,$T57-4)&"")) | T57: =IFERROR(MATCH(4,Checks!$AO$5:$AO$748,0)+4,"")
B58: =IF($T58="","",5) | C58: =IF($T58="","",IF(LEN(INDEX(Checks!$A$5:$A$748,$T58-4))>28,LEFT(INDEX(Checks!$A$5:$A$748,$T58-4),27)&"…",INDEX(Checks!$A$5:$A$748,$T58-4)&"")) | E58: =IF($T58="","",IF(LEN(INDEX(Checks!$C$5:$C$748,$T58-4))>14,LEFT(INDEX(Checks!$C$5:$C$748,$T58-4),13)&"…",INDEX(Checks!$C$5:$C$748,$T58-4)&"")) | F58: =IF($T58="","",IF(LEN(INDEX(Checks!$G$5:$G$748,$T58-4))>25,LEFT(INDEX(Checks!$G$5:$G$748,$T58-4),24)&"…",INDEX(Checks!$G$5:$G$748,$T58-4)&"")) | H58: =IF($T58="","",IF(LEN(INDEX(Checks!$J$5:$J$748,$T58-4))>100,LEFT(INDEX(Checks!$J$5:$J$748,$T58-4),99)&"…",INDEX(Checks!$J$5:$J$748,$T58-4)&"")) | N58: =IF($T58="","",IF(ISNUMBER(INDEX(Checks!$R$5:$R$748,$T58-4)),TEXT(INDEX(Checks!$R$5:$R$748,$T58-4),"dd-mmm hh:mm"),"")&" "&INDEX(Checks!$P$5:$P$748,$T58-4)) | P58: =IF($T58="","",IF(LEN(INDEX(Checks!$T$5:$T$748,$T58-4))>27,LEFT(INDEX(Checks!$T$5:$T$748,$T58-4),26)&"…",INDEX(Checks!$T$5:$T$748,$T58-4)&"")) | R58: =IF($T58="","",IF(LEN(INDEX(Checks!$AH$5:$AH$748,$T58-4))>53,LEFT(INDEX(Checks!$AH$5:$AH$748,$T58-4),52)&"…",INDEX(Checks!$AH$5:$AH$748,$T58-4)&"")) | T58: =IFERROR(MATCH(5,Checks!$AO$5:$AO$748,0)+4,"")
B59: =IF($T59="","",6) | C59: =IF($T59="","",IF(LEN(INDEX(Checks!$A$5:$A$748,$T59-4))>28,LEFT(INDEX(Checks!$A$5:$A$748,$T59-4),27)&"…",INDEX(Checks!$A$5:$A$748,$T59-4)&"")) | E59: =IF($T59="","",IF(LEN(INDEX(Checks!$C$5:$C$748,$T59-4))>14,LEFT(INDEX(Checks!$C$5:$C$748,$T59-4),13)&"…",INDEX(Checks!$C$5:$C$748,$T59-4)&"")) | F59: =IF($T59="","",IF(LEN(INDEX(Checks!$G$5:$G$748,$T59-4))>25,LEFT(INDEX(Checks!$G$5:$G$748,$T59-4),24)&"…",INDEX(Checks!$G$5:$G$748,$T59-4)&"")) | H59: =IF($T59="","",IF(LEN(INDEX(Checks!$J$5:$J$748,$T59-4))>100,LEFT(INDEX(Checks!$J$5:$J$748,$T59-4),99)&"…",INDEX(Checks!$J$5:$J$748,$T59-4)&"")) | N59: =IF($T59="","",IF(ISNUMBER(INDEX(Checks!$R$5:$R$748,$T59-4)),TEXT(INDEX(Checks!$R$5:$R$748,$T59-4),"dd-mmm hh:mm"),"")&" "&INDEX(Checks!$P$5:$P$748,$T59-4)) | P59: =IF($T59="","",IF(LEN(INDEX(Checks!$T$5:$T$748,$T59-4))>27,LEFT(INDEX(Checks!$T$5:$T$748,$T59-4),26)&"…",INDEX(Checks!$T$5:$T$748,$T59-4)&"")) | R59: =IF($T59="","",IF(LEN(INDEX(Checks!$AH$5:$AH$748,$T59-4))>53,LEFT(INDEX(Checks!$AH$5:$AH$748,$T59-4),52)&"…",INDEX(Checks!$AH$5:$AH$748,$T59-4)&"")) | T59: =IFERROR(MATCH(6,Checks!$AO$5:$AO$748,0)+4,"")
B60: =IF($T60="","",7) | C60: =IF($T60="","",IF(LEN(INDEX(Checks!$A$5:$A$748,$T60-4))>28,LEFT(INDEX(Checks!$A$5:$A$748,$T60-4),27)&"…",INDEX(Checks!$A$5:$A$748,$T60-4)&"")) | E60: =IF($T60="","",IF(LEN(INDEX(Checks!$C$5:$C$748,$T60-4))>14,LEFT(INDEX(Checks!$C$5:$C$748,$T60-4),13)&"…",INDEX(Checks!$C$5:$C$748,$T60-4)&"")) | F60: =IF($T60="","",IF(LEN(INDEX(Checks!$G$5:$G$748,$T60-4))>25,LEFT(INDEX(Checks!$G$5:$G$748,$T60-4),24)&"…",INDEX(Checks!$G$5:$G$748,$T60-4)&"")) | H60: =IF($T60="","",IF(LEN(INDEX(Checks!$J$5:$J$748,$T60-4))>100,LEFT(INDEX(Checks!$J$5:$J$748,$T60-4),99)&"…",INDEX(Checks!$J$5:$J$748,$T60-4)&"")) | N60: =IF($T60="","",IF(ISNUMBER(INDEX(Checks!$R$5:$R$748,$T60-4)),TEXT(INDEX(Checks!$R$5:$R$748,$T60-4),"dd-mmm hh:mm"),"")&" "&INDEX(Checks!$P$5:$P$748,$T60-4)) | P60: =IF($T60="","",IF(LEN(INDEX(Checks!$T$5:$T$748,$T60-4))>27,LEFT(INDEX(Checks!$T$5:$T$748,$T60-4),26)&"…",INDEX(Checks!$T$5:$T$748,$T60-4)&"")) | R60: =IF($T60="","",IF(LEN(INDEX(Checks!$AH$5:$AH$748,$T60-4))>53,LEFT(INDEX(Checks!$AH$5:$AH$748,$T60-4),52)&"…",INDEX(Checks!$AH$5:$AH$748,$T60-4)&"")) | T60: =IFERROR(MATCH(7,Checks!$AO$5:$AO$748,0)+4,"")
B61: =IF($T61="","",8) | C61: =IF($T61="","",IF(LEN(INDEX(Checks!$A$5:$A$748,$T61-4))>28,LEFT(INDEX(Checks!$A$5:$A$748,$T61-4),27)&"…",INDEX(Checks!$A$5:$A$748,$T61-4)&"")) | E61: =IF($T61="","",IF(LEN(INDEX(Checks!$C$5:$C$748,$T61-4))>14,LEFT(INDEX(Checks!$C$5:$C$748,$T61-4),13)&"…",INDEX(Checks!$C$5:$C$748,$T61-4)&"")) | F61: =IF($T61="","",IF(LEN(INDEX(Checks!$G$5:$G$748,$T61-4))>25,LEFT(INDEX(Checks!$G$5:$G$748,$T61-4),24)&"…",INDEX(Checks!$G$5:$G$748,$T61-4)&"")) | H61: =IF($T61="","",IF(LEN(INDEX(Checks!$J$5:$J$748,$T61-4))>100,LEFT(INDEX(Checks!$J$5:$J$748,$T61-4),99)&"…",INDEX(Checks!$J$5:$J$748,$T61-4)&"")) | N61: =IF($T61="","",IF(ISNUMBER(INDEX(Checks!$R$5:$R$748,$T61-4)),TEXT(INDEX(Checks!$R$5:$R$748,$T61-4),"dd-mmm hh:mm"),"")&" "&INDEX(Checks!$P$5:$P$748,$T61-4)) | P61: =IF($T61="","",IF(LEN(INDEX(Checks!$T$5:$T$748,$T61-4))>27,LEFT(INDEX(Checks!$T$5:$T$748,$T61-4),26)&"…",INDEX(Checks!$T$5:$T$748,$T61-4)&"")) | R61: =IF($T61="","",IF(LEN(INDEX(Checks!$AH$5:$AH$748,$T61-4))>53,LEFT(INDEX(Checks!$AH$5:$AH$748,$T61-4),52)&"…",INDEX(Checks!$AH$5:$AH$748,$T61-4)&"")) | T61: =IFERROR(MATCH(8,Checks!$AO$5:$AO$748,0)+4,"")
B62: =IF($T62="","",9) | C62: =IF($T62="","",IF(LEN(INDEX(Checks!$A$5:$A$748,$T62-4))>28,LEFT(INDEX(Checks!$A$5:$A$748,$T62-4),27)&"…",INDEX(Checks!$A$5:$A$748,$T62-4)&"")) | E62: =IF($T62="","",IF(LEN(INDEX(Checks!$C$5:$C$748,$T62-4))>14,LEFT(INDEX(Checks!$C$5:$C$748,$T62-4),13)&"…",INDEX(Checks!$C$5:$C$748,$T62-4)&"")) | F62: =IF($T62="","",IF(LEN(INDEX(Checks!$G$5:$G$748,$T62-4))>25,LEFT(INDEX(Checks!$G$5:$G$748,$T62-4),24)&"…",INDEX(Checks!$G$5:$G$748,$T62-4)&"")) | H62: =IF($T62="","",IF(LEN(INDEX(Checks!$J$5:$J$748,$T62-4))>100,LEFT(INDEX(Checks!$J$5:$J$748,$T62-4),99)&"…",INDEX(Checks!$J$5:$J$748,$T62-4)&"")) | N62: =IF($T62="","",IF(ISNUMBER(INDEX(Checks!$R$5:$R$748,$T62-4)),TEXT(INDEX(Checks!$R$5:$R$748,$T62-4),"dd-mmm hh:mm"),"")&" "&INDEX(Checks!$P$5:$P$748,$T62-4)) | P62: =IF($T62="","",IF(LEN(INDEX(Checks!$T$5:$T$748,$T62-4))>27,LEFT(INDEX(Checks!$T$5:$T$748,$T62-4),26)&"…",INDEX(Checks!$T$5:$T$748,$T62-4)&"")) | R62: =IF($T62="","",IF(LEN(INDEX(Checks!$AH$5:$AH$748,$T62-4))>53,LEFT(INDEX(Checks!$AH$5:$AH$748,$T62-4),52)&"…",INDEX(Checks!$AH$5:$AH$748,$T62-4)&"")) | T62: =IFERROR(MATCH(9,Checks!$AO$5:$AO$748,0)+4,"")
B63: =IF($T63="","",10) | C63: =IF($T63="","",IF(LEN(INDEX(Checks!$A$5:$A$748,$T63-4))>28,LEFT(INDEX(Checks!$A$5:$A$748,$T63-4),27)&"…",INDEX(Checks!$A$5:$A$748,$T63-4)&"")) | E63: =IF($T63="","",IF(LEN(INDEX(Checks!$C$5:$C$748,$T63-4))>14,LEFT(INDEX(Checks!$C$5:$C$748,$T63-4),13)&"…",INDEX(Checks!$C$5:$C$748,$T63-4)&"")) | F63: =IF($T63="","",IF(LEN(INDEX(Checks!$G$5:$G$748,$T63-4))>25,LEFT(INDEX(Checks!$G$5:$G$748,$T63-4),24)&"…",INDEX(Checks!$G$5:$G$748,$T63-4)&"")) | H63: =IF($T63="","",IF(LEN(INDEX(Checks!$J$5:$J$748,$T63-4))>100,LEFT(INDEX(Checks!$J$5:$J$748,$T63-4),99)&"…",INDEX(Checks!$J$5:$J$748,$T63-4)&"")) | N63: =IF($T63="","",IF(ISNUMBER(INDEX(Checks!$R$5:$R$748,$T63-4)),TEXT(INDEX(Checks!$R$5:$R$748,$T63-4),"dd-mmm hh:mm"),"")&" "&INDEX(Checks!$P$5:$P$748,$T63-4)) | P63: =IF($T63="","",IF(LEN(INDEX(Checks!$T$5:$T$748,$T63-4))>27,LEFT(INDEX(Checks!$T$5:$T$748,$T63-4),26)&"…",INDEX(Checks!$T$5:$T$748,$T63-4)&"")) | R63: =IF($T63="","",IF(LEN(INDEX(Checks!$AH$5:$AH$748,$T63-4))>53,LEFT(INDEX(Checks!$AH$5:$AH$748,$T63-4),52)&"…",INDEX(Checks!$AH$5:$AH$748,$T63-4)&"")) | T63: =IFERROR(MATCH(10,Checks!$AO$5:$AO$748,0)+4,"")
B64: =IF($T64="","",11) | C64: =IF($T64="","",IF(LEN(INDEX(Checks!$A$5:$A$748,$T64-4))>28,LEFT(INDEX(Checks!$A$5:$A$748,$T64-4),27)&"…",INDEX(Checks!$A$5:$A$748,$T64-4)&"")) | E64: =IF($T64="","",IF(LEN(INDEX(Checks!$C$5:$C$748,$T64-4))>14,LEFT(INDEX(Checks!$C$5:$C$748,$T64-4),13)&"…",INDEX(Checks!$C$5:$C$748,$T64-4)&"")) | F64: =IF($T64="","",IF(LEN(INDEX(Checks!$G$5:$G$748,$T64-4))>25,LEFT(INDEX(Checks!$G$5:$G$748,$T64-4),24)&"…",INDEX(Checks!$G$5:$G$748,$T64-4)&"")) | H64: =IF($T64="","",IF(LEN(INDEX(Checks!$J$5:$J$748,$T64-4))>100,LEFT(INDEX(Checks!$J$5:$J$748,$T64-4),99)&"…",INDEX(Checks!$J$5:$J$748,$T64-4)&"")) | N64: =IF($T64="","",IF(ISNUMBER(INDEX(Checks!$R$5:$R$748,$T64-4)),TEXT(INDEX(Checks!$R$5:$R$748,$T64-4),"dd-mmm hh:mm"),"")&" "&INDEX(Checks!$P$5:$P$748,$T64-4)) | P64: =IF($T64="","",IF(LEN(INDEX(Checks!$T$5:$T$748,$T64-4))>27,LEFT(INDEX(Checks!$T$5:$T$748,$T64-4),26)&"…",INDEX(Checks!$T$5:$T$748,$T64-4)&"")) | R64: =IF($T64="","",IF(LEN(INDEX(Checks!$AH$5:$AH$748,$T64-4))>53,LEFT(INDEX(Checks!$AH$5:$AH$748,$T64-4),52)&"…",INDEX(Checks!$AH$5:$AH$748,$T64-4)&"")) | T64: =IFERROR(MATCH(11,Checks!$AO$5:$AO$748,0)+4,"")
B65: =IF($T65="","",12) | C65: =IF($T65="","",IF(LEN(INDEX(Checks!$A$5:$A$748,$T65-4))>28,LEFT(INDEX(Checks!$A$5:$A$748,$T65-4),27)&"…",INDEX(Checks!$A$5:$A$748,$T65-4)&"")) | E65: =IF($T65="","",IF(LEN(INDEX(Checks!$C$5:$C$748,$T65-4))>14,LEFT(INDEX(Checks!$C$5:$C$748,$T65-4),13)&"…",INDEX(Checks!$C$5:$C$748,$T65-4)&"")) | F65: =IF($T65="","",IF(LEN(INDEX(Checks!$G$5:$G$748,$T65-4))>25,LEFT(INDEX(Checks!$G$5:$G$748,$T65-4),24)&"…",INDEX(Checks!$G$5:$G$748,$T65-4)&"")) | H65: =IF($T65="","",IF(LEN(INDEX(Checks!$J$5:$J$748,$T65-4))>100,LEFT(INDEX(Checks!$J$5:$J$748,$T65-4),99)&"…",INDEX(Checks!$J$5:$J$748,$T65-4)&"")) | N65: =IF($T65="","",IF(ISNUMBER(INDEX(Checks!$R$5:$R$748,$T65-4)),TEXT(INDEX(Checks!$R$5:$R$748,$T65-4),"dd-mmm hh:mm"),"")&" "&INDEX(Checks!$P$5:$P$748,$T65-4)) | P65: =IF($T65="","",IF(LEN(INDEX(Checks!$T$5:$T$748,$T65-4))>27,LEFT(INDEX(Checks!$T$5:$T$748,$T65-4),26)&"…",INDEX(Checks!$T$5:$T$748,$T65-4)&"")) | R65: =IF($T65="","",IF(LEN(INDEX(Checks!$AH$5:$AH$748,$T65-4))>53,LEFT(INDEX(Checks!$AH$5:$AH$748,$T65-4),52)&"…",INDEX(Checks!$AH$5:$AH$748,$T65-4)&"")) | T65: =IFERROR(MATCH(12,Checks!$AO$5:$AO$748,0)+4,"")
B66: =IF($T66="","",13) | C66: =IF($T66="","",IF(LEN(INDEX(Checks!$A$5:$A$748,$T66-4))>28,LEFT(INDEX(Checks!$A$5:$A$748,$T66-4),27)&"…",INDEX(Checks!$A$5:$A$748,$T66-4)&"")) | E66: =IF($T66="","",IF(LEN(INDEX(Checks!$C$5:$C$748,$T66-4))>14,LEFT(INDEX(Checks!$C$5:$C$748,$T66-4),13)&"…",INDEX(Checks!$C$5:$C$748,$T66-4)&"")) | F66: =IF($T66="","",IF(LEN(INDEX(Checks!$G$5:$G$748,$T66-4))>25,LEFT(INDEX(Checks!$G$5:$G$748,$T66-4),24)&"…",INDEX(Checks!$G$5:$G$748,$T66-4)&"")) | H66: =IF($T66="","",IF(LEN(INDEX(Checks!$J$5:$J$748,$T66-4))>100,LEFT(INDEX(Checks!$J$5:$J$748,$T66-4),99)&"…",INDEX(Checks!$J$5:$J$748,$T66-4)&"")) | N66: =IF($T66="","",IF(ISNUMBER(INDEX(Checks!$R$5:$R$748,$T66-4)),TEXT(INDEX(Checks!$R$5:$R$748,$T66-4),"dd-mmm hh:mm"),"")&" "&INDEX(Checks!$P$5:$P$748,$T66-4)) | P66: =IF($T66="","",IF(LEN(INDEX(Checks!$T$5:$T$748,$T66-4))>27,LEFT(INDEX(Checks!$T$5:$T$748,$T66-4),26)&"…",INDEX(Checks!$T$5:$T$748,$T66-4)&"")) | R66: =IF($T66="","",IF(LEN(INDEX(Checks!$AH$5:$AH$748,$T66-4))>53,LEFT(INDEX(Checks!$AH$5:$AH$748,$T66-4),52)&"…",INDEX(Checks!$AH$5:$AH$748,$T66-4)&"")) | T66: =IFERROR(MATCH(13,Checks!$AO$5:$AO$748,0)+4,"")
B67: =IF($T67="","",14) | C67: =IF($T67="","",IF(LEN(INDEX(Checks!$A$5:$A$748,$T67-4))>28,LEFT(INDEX(Checks!$A$5:$A$748,$T67-4),27)&"…",INDEX(Checks!$A$5:$A$748,$T67-4)&"")) | E67: =IF($T67="","",IF(LEN(INDEX(Checks!$C$5:$C$748,$T67-4))>14,LEFT(INDEX(Checks!$C$5:$C$748,$T67-4),13)&"…",INDEX(Checks!$C$5:$C$748,$T67-4)&"")) | F67: =IF($T67="","",IF(LEN(INDEX(Checks!$G$5:$G$748,$T67-4))>25,LEFT(INDEX(Checks!$G$5:$G$748,$T67-4),24)&"…",INDEX(Checks!$G$5:$G$748,$T67-4)&"")) | H67: =IF($T67="","",IF(LEN(INDEX(Checks!$J$5:$J$748,$T67-4))>100,LEFT(INDEX(Checks!$J$5:$J$748,$T67-4),99)&"…",INDEX(Checks!$J$5:$J$748,$T67-4)&"")) | N67: =IF($T67="","",IF(ISNUMBER(INDEX(Checks!$R$5:$R$748,$T67-4)),TEXT(INDEX(Checks!$R$5:$R$748,$T67-4),"dd-mmm hh:mm"),"")&" "&INDEX(Checks!$P$5:$P$748,$T67-4)) | P67: =IF($T67="","",IF(LEN(INDEX(Checks!$T$5:$T$748,$T67-4))>27,LEFT(INDEX(Checks!$T$5:$T$748,$T67-4),26)&"…",INDEX(Checks!$T$5:$T$748,$T67-4)&"")) | R67: =IF($T67="","",IF(LEN(INDEX(Checks!$AH$5:$AH$748,$T67-4))>53,LEFT(INDEX(Checks!$AH$5:$AH$748,$T67-4),52)&"…",INDEX(Checks!$AH$5:$AH$748,$T67-4)&"")) | T67: =IFERROR(MATCH(14,Checks!$AO$5:$AO$748,0)+4,"")
B68: =IF($T68="","",15) | C68: =IF($T68="","",IF(LEN(INDEX(Checks!$A$5:$A$748,$T68-4))>28,LEFT(INDEX(Checks!$A$5:$A$748,$T68-4),27)&"…",INDEX(Checks!$A$5:$A$748,$T68-4)&"")) | E68: =IF($T68="","",IF(LEN(INDEX(Checks!$C$5:$C$748,$T68-4))>14,LEFT(INDEX(Checks!$C$5:$C$748,$T68-4),13)&"…",INDEX(Checks!$C$5:$C$748,$T68-4)&"")) | F68: =IF($T68="","",IF(LEN(INDEX(Checks!$G$5:$G$748,$T68-4))>25,LEFT(INDEX(Checks!$G$5:$G$748,$T68-4),24)&"…",INDEX(Checks!$G$5:$G$748,$T68-4)&"")) | H68: =IF($T68="","",IF(LEN(INDEX(Checks!$J$5:$J$748,$T68-4))>100,LEFT(INDEX(Checks!$J$5:$J$748,$T68-4),99)&"…",INDEX(Checks!$J$5:$J$748,$T68-4)&"")) | N68: =IF($T68="","",IF(ISNUMBER(INDEX(Checks!$R$5:$R$748,$T68-4)),TEXT(INDEX(Checks!$R$5:$R$748,$T68-4),"dd-mmm hh:mm"),"")&" "&INDEX(Checks!$P$5:$P$748,$T68-4)) | P68: =IF($T68="","",IF(LEN(INDEX(Checks!$T$5:$T$748,$T68-4))>27,LEFT(INDEX(Checks!$T$5:$T$748,$T68-4),26)&"…",INDEX(Checks!$T$5:$T$748,$T68-4)&"")) | R68: =IF($T68="","",IF(LEN(INDEX(Checks!$AH$5:$AH$748,$T68-4))>53,LEFT(INDEX(Checks!$AH$5:$AH$748,$T68-4),52)&"…",INDEX(Checks!$AH$5:$AH$748,$T68-4)&"")) | T68: =IFERROR(MATCH(15,Checks!$AO$5:$AO$748,0)+4,"")
B69: =IF($T69="","",16) | C69: =IF($T69="","",IF(LEN(INDEX(Checks!$A$5:$A$748,$T69-4))>28,LEFT(INDEX(Checks!$A$5:$A$748,$T69-4),27)&"…",INDEX(Checks!$A$5:$A$748,$T69-4)&"")) | E69: =IF($T69="","",IF(LEN(INDEX(Checks!$C$5:$C$748,$T69-4))>14,LEFT(INDEX(Checks!$C$5:$C$748,$T69-4),13)&"…",INDEX(Checks!$C$5:$C$748,$T69-4)&"")) | F69: =IF($T69="","",IF(LEN(INDEX(Checks!$G$5:$G$748,$T69-4))>25,LEFT(INDEX(Checks!$G$5:$G$748,$T69-4),24)&"…",INDEX(Checks!$G$5:$G$748,$T69-4)&"")) | H69: =IF($T69="","",IF(LEN(INDEX(Checks!$J$5:$J$748,$T69-4))>100,LEFT(INDEX(Checks!$J$5:$J$748,$T69-4),99)&"…",INDEX(Checks!$J$5:$J$748,$T69-4)&"")) | N69: =IF($T69="","",IF(ISNUMBER(INDEX(Checks!$R$5:$R$748,$T69-4)),TEXT(INDEX(Checks!$R$5:$R$748,$T69-4),"dd-mmm hh:mm"),"")&" "&INDEX(Checks!$P$5:$P$748,$T69-4)) | P69: =IF($T69="","",IF(LEN(INDEX(Checks!$T$5:$T$748,$T69-4))>27,LEFT(INDEX(Checks!$T$5:$T$748,$T69-4),26)&"…",INDEX(Checks!$T$5:$T$748,$T69-4)&"")) | R69: =IF($T69="","",IF(LEN(INDEX(Checks!$AH$5:$AH$748,$T69-4))>53,LEFT(INDEX(Checks!$AH$5:$AH$748,$T69-4),52)&"…",INDEX(Checks!$AH$5:$AH$748,$T69-4)&"")) | T69: =IFERROR(MATCH(16,Checks!$AO$5:$AO$748,0)+4,"")
B70: =IF($T70="","",17) | C70: =IF($T70="","",IF(LEN(INDEX(Checks!$A$5:$A$748,$T70-4))>28,LEFT(INDEX(Checks!$A$5:$A$748,$T70-4),27)&"…",INDEX(Checks!$A$5:$A$748,$T70-4)&"")) | E70: =IF($T70="","",IF(LEN(INDEX(Checks!$C$5:$C$748,$T70-4))>14,LEFT(INDEX(Checks!$C$5:$C$748,$T70-4),13)&"…",INDEX(Checks!$C$5:$C$748,$T70-4)&"")) | F70: =IF($T70="","",IF(LEN(INDEX(Checks!$G$5:$G$748,$T70-4))>25,LEFT(INDEX(Checks!$G$5:$G$748,$T70-4),24)&"…",INDEX(Checks!$G$5:$G$748,$T70-4)&"")) | H70: =IF($T70="","",IF(LEN(INDEX(Checks!$J$5:$J$748,$T70-4))>100,LEFT(INDEX(Checks!$J$5:$J$748,$T70-4),99)&"…",INDEX(Checks!$J$5:$J$748,$T70-4)&"")) | N70: =IF($T70="","",IF(ISNUMBER(INDEX(Checks!$R$5:$R$748,$T70-4)),TEXT(INDEX(Checks!$R$5:$R$748,$T70-4),"dd-mmm hh:mm"),"")&" "&INDEX(Checks!$P$5:$P$748,$T70-4)) | P70: =IF($T70="","",IF(LEN(INDEX(Checks!$T$5:$T$748,$T70-4))>27,LEFT(INDEX(Checks!$T$5:$T$748,$T70-4),26)&"…",INDEX(Checks!$T$5:$T$748,$T70-4)&"")) | R70: =IF($T70="","",IF(LEN(INDEX(Checks!$AH$5:$AH$748,$T70-4))>53,LEFT(INDEX(Checks!$AH$5:$AH$748,$T70-4),52)&"…",INDEX(Checks!$AH$5:$AH$748,$T70-4)&"")) | T70: =IFERROR(MATCH(17,Checks!$AO$5:$AO$748,0)+4,"")
B71: =IF($T71="","",18) | C71: =IF($T71="","",IF(LEN(INDEX(Checks!$A$5:$A$748,$T71-4))>28,LEFT(INDEX(Checks!$A$5:$A$748,$T71-4),27)&"…",INDEX(Checks!$A$5:$A$748,$T71-4)&"")) | E71: =IF($T71="","",IF(LEN(INDEX(Checks!$C$5:$C$748,$T71-4))>14,LEFT(INDEX(Checks!$C$5:$C$748,$T71-4),13)&"…",INDEX(Checks!$C$5:$C$748,$T71-4)&"")) | F71: =IF($T71="","",IF(LEN(INDEX(Checks!$G$5:$G$748,$T71-4))>25,LEFT(INDEX(Checks!$G$5:$G$748,$T71-4),24)&"…",INDEX(Checks!$G$5:$G$748,$T71-4)&"")) | H71: =IF($T71="","",IF(LEN(INDEX(Checks!$J$5:$J$748,$T71-4))>100,LEFT(INDEX(Checks!$J$5:$J$748,$T71-4),99)&"…",INDEX(Checks!$J$5:$J$748,$T71-4)&"")) | N71: =IF($T71="","",IF(ISNUMBER(INDEX(Checks!$R$5:$R$748,$T71-4)),TEXT(INDEX(Checks!$R$5:$R$748,$T71-4),"dd-mmm hh:mm"),"")&" "&INDEX(Checks!$P$5:$P$748,$T71-4)) | P71: =IF($T71="","",IF(LEN(INDEX(Checks!$T$5:$T$748,$T71-4))>27,LEFT(INDEX(Checks!$T$5:$T$748,$T71-4),26)&"…",INDEX(Checks!$T$5:$T$748,$T71-4)&"")) | R71: =IF($T71="","",IF(LEN(INDEX(Checks!$AH$5:$AH$748,$T71-4))>53,LEFT(INDEX(Checks!$AH$5:$AH$748,$T71-4),52)&"…",INDEX(Checks!$AH$5:$AH$748,$T71-4)&"")) | T71: =IFERROR(MATCH(18,Checks!$AO$5:$AO$748,0)+4,"")
B72: =IF(SUM(Checks!$AK$5:$AK$748)=0,"No overdue actions at the as-of time.",IF(SUM(Checks!$AK$5:$AK$748)>18,"+"&(SUM(Checks!$AK$5:$AK$748)-18)&" more overdue actions not shown – see Checks sheet (filter on column AO).","")) -> No overdue actions at the as-of time.
B74: Outstanding discrepancies (first 18) | L74: ="Showing "&MIN(18,SUM(Checks!$AL$5:$AL$748))&" of "&SUM(Checks!$AL$5:$AL$748)&" • as of "&TEXT(AsOfUTC+8/24,"dd-mmm-yy hh:mm")&" MYT" -> Showing 0 of 0 • as of 29-Sep-26 20:53 MYT
B75: # | C75: CheckID | E75: Flight | F75: Checkpoint | H75: Check item | L75: Status | M75: Exp. qty | N75: Act. qty | O75: Vari-ance | P75: CA status | Q75: Corrective action | T75: Checks row
B76: =IF($T76="","",1) | C76: =IF($T76="","",IF(LEN(INDEX(Checks!$A$5:$A$748,$T76-4))>28,LEFT(INDEX(Checks!$A$5:$A$748,$T76-4),27)&"…",INDEX(Checks!$A$5:$A$748,$T76-4)&"")) | E76: =IF($T76="","",IF(LEN(INDEX(Checks!$C$5:$C$748,$T76-4))>14,LEFT(INDEX(Checks!$C$5:$C$748,$T76-4),13)&"…",INDEX(Checks!$C$5:$C$748,$T76-4)&"")) | F76: =IF($T76="","",IF(LEN(INDEX(Checks!$G$5:$G$748,$T76-4))>25,LEFT(INDEX(Checks!$G$5:$G$748,$T76-4),24)&"…",INDEX(Checks!$G$5:$G$748,$T76-4)&"")) | H76: =IF($T76="","",IF(LEN(INDEX(Checks!$J$5:$J$748,$T76-4))>68,LEFT(INDEX(Checks!$J$5:$J$748,$T76-4),67)&"…",INDEX(Checks!$J$5:$J$748,$T76-4)&"")) | L76: =IF($T76="","",IF(LEN(INDEX(Checks!$U$5:$U$748,$T76-4))>12,LEFT(INDEX(Checks!$U$5:$U$748,$T76-4),11)&"…",INDEX(Checks!$U$5:$U$748,$T76-4)&"")) | M76: =IF($T76="","",IF(INDEX(Checks!$X$5:$X$748,$T76-4)="","",INDEX(Checks!$X$5:$X$748,$T76-4))) | N76: =IF($T76="","",IF(INDEX(Checks!$Y$5:$Y$748,$T76-4)="","",INDEX(Checks!$Y$5:$Y$748,$T76-4))) | O76: =IF($T76="","",IF(INDEX(Checks!$AF$5:$AF$748,$T76-4)="","",INDEX(Checks!$AF$5:$AF$748,$T76-4))) | P76: =IF($T76="","",IF(LEN(INDEX(Checks!$AB$5:$AB$748,$T76-4))>12,LEFT(INDEX(Checks!$AB$5:$AB$748,$T76-4),11)&"…",INDEX(Checks!$AB$5:$AB$748,$T76-4)&"")) | Q76: =IF($T76="","",IF(LEN(INDEX(Checks!$AA$5:$AA$748,$T76-4))>68,LEFT(INDEX(Checks!$AA$5:$AA$748,$T76-4),67)&"…",INDEX(Checks!$AA$5:$AA$748,$T76-4)&"")) | T76: =IFERROR(MATCH(1,Checks!$AP$5:$AP$748,0)+4,"")
B77: =IF($T77="","",2) | C77: =IF($T77="","",IF(LEN(INDEX(Checks!$A$5:$A$748,$T77-4))>28,LEFT(INDEX(Checks!$A$5:$A$748,$T77-4),27)&"…",INDEX(Checks!$A$5:$A$748,$T77-4)&"")) | E77: =IF($T77="","",IF(LEN(INDEX(Checks!$C$5:$C$748,$T77-4))>14,LEFT(INDEX(Checks!$C$5:$C$748,$T77-4),13)&"…",INDEX(Checks!$C$5:$C$748,$T77-4)&"")) | F77: =IF($T77="","",IF(LEN(INDEX(Checks!$G$5:$G$748,$T77-4))>25,LEFT(INDEX(Checks!$G$5:$G$748,$T77-4),24)&"…",INDEX(Checks!$G$5:$G$748,$T77-4)&"")) | H77: =IF($T77="","",IF(LEN(INDEX(Checks!$J$5:$J$748,$T77-4))>68,LEFT(INDEX(Checks!$J$5:$J$748,$T77-4),67)&"…",INDEX(Checks!$J$5:$J$748,$T77-4)&"")) | L77: =IF($T77="","",IF(LEN(INDEX(Checks!$U$5:$U$748,$T77-4))>12,LEFT(INDEX(Checks!$U$5:$U$748,$T77-4),11)&"…",INDEX(Checks!$U$5:$U$748,$T77-4)&"")) | M77: =IF($T77="","",IF(INDEX(Checks!$X$5:$X$748,$T77-4)="","",INDEX(Checks!$X$5:$X$748,$T77-4))) | N77: =IF($T77="","",IF(INDEX(Checks!$Y$5:$Y$748,$T77-4)="","",INDEX(Checks!$Y$5:$Y$748,$T77-4))) | O77: =IF($T77="","",IF(INDEX(Checks!$AF$5:$AF$748,$T77-4)="","",INDEX(Checks!$AF$5:$AF$748,$T77-4))) | P77: =IF($T77="","",IF(LEN(INDEX(Checks!$AB$5:$AB$748,$T77-4))>12,LEFT(INDEX(Checks!$AB$5:$AB$748,$T77-4),11)&"…",INDEX(Checks!$AB$5:$AB$748,$T77-4)&"")) | Q77: =IF($T77="","",IF(LEN(INDEX(Checks!$AA$5:$AA$748,$T77-4))>68,LEFT(INDEX(Checks!$AA$5:$AA$748,$T77-4),67)&"…",INDEX(Checks!$AA$5:$AA$748,$T77-4)&"")) | T77: =IFERROR(MATCH(2,Checks!$AP$5:$AP$748,0)+4,"")
B78: =IF($T78="","",3) | C78: =IF($T78="","",IF(LEN(INDEX(Checks!$A$5:$A$748,$T78-4))>28,LEFT(INDEX(Checks!$A$5:$A$748,$T78-4),27)&"…",INDEX(Checks!$A$5:$A$748,$T78-4)&"")) | E78: =IF($T78="","",IF(LEN(INDEX(Checks!$C$5:$C$748,$T78-4))>14,LEFT(INDEX(Checks!$C$5:$C$748,$T78-4),13)&"…",INDEX(Checks!$C$5:$C$748,$T78-4)&"")) | F78: =IF($T78="","",IF(LEN(INDEX(Checks!$G$5:$G$748,$T78-4))>25,LEFT(INDEX(Checks!$G$5:$G$748,$T78-4),24)&"…",INDEX(Checks!$G$5:$G$748,$T78-4)&"")) | H78: =IF($T78="","",IF(LEN(INDEX(Checks!$J$5:$J$748,$T78-4))>68,LEFT(INDEX(Checks!$J$5:$J$748,$T78-4),67)&"…",INDEX(Checks!$J$5:$J$748,$T78-4)&"")) | L78: =IF($T78="","",IF(LEN(INDEX(Checks!$U$5:$U$748,$T78-4))>12,LEFT(INDEX(Checks!$U$5:$U$748,$T78-4),11)&"…",INDEX(Checks!$U$5:$U$748,$T78-4)&"")) | M78: =IF($T78="","",IF(INDEX(Checks!$X$5:$X$748,$T78-4)="","",INDEX(Checks!$X$5:$X$748,$T78-4))) | N78: =IF($T78="","",IF(INDEX(Checks!$Y$5:$Y$748,$T78-4)="","",INDEX(Checks!$Y$5:$Y$748,$T78-4))) | O78: =IF($T78="","",IF(INDEX(Checks!$AF$5:$AF$748,$T78-4)="","",INDEX(Checks!$AF$5:$AF$748,$T78-4))) | P78: =IF($T78="","",IF(LEN(INDEX(Checks!$AB$5:$AB$748,$T78-4))>12,LEFT(INDEX(Checks!$AB$5:$AB$748,$T78-4),11)&"…",INDEX(Checks!$AB$5:$AB$748,$T78-4)&"")) | Q78: =IF($T78="","",IF(LEN(INDEX(Checks!$AA$5:$AA$748,$T78-4))>68,LEFT(INDEX(Checks!$AA$5:$AA$748,$T78-4),67)&"…",INDEX(Checks!$AA$5:$AA$748,$T78-4)&"")) | T78: =IFERROR(MATCH(3,Checks!$AP$5:$AP$748,0)+4,"")
B79: =IF($T79="","",4) | C79: =IF($T79="","",IF(LEN(INDEX(Checks!$A$5:$A$748,$T79-4))>28,LEFT(INDEX(Checks!$A$5:$A$748,$T79-4),27)&"…",INDEX(Checks!$A$5:$A$748,$T79-4)&"")) | E79: =IF($T79="","",IF(LEN(INDEX(Checks!$C$5:$C$748,$T79-4))>14,LEFT(INDEX(Checks!$C$5:$C$748,$T79-4),13)&"…",INDEX(Checks!$C$5:$C$748,$T79-4)&"")) | F79: =IF($T79="","",IF(LEN(INDEX(Checks!$G$5:$G$748,$T79-4))>25,LEFT(INDEX(Checks!$G$5:$G$748,$T79-4),24)&"…",INDEX(Checks!$G$5:$G$748,$T79-4)&"")) | H79: =IF($T79="","",IF(LEN(INDEX(Checks!$J$5:$J$748,$T79-4))>68,LEFT(INDEX(Checks!$J$5:$J$748,$T79-4),67)&"…",INDEX(Checks!$J$5:$J$748,$T79-4)&"")) | L79: =IF($T79="","",IF(LEN(INDEX(Checks!$U$5:$U$748,$T79-4))>12,LEFT(INDEX(Checks!$U$5:$U$748,$T79-4),11)&"…",INDEX(Checks!$U$5:$U$748,$T79-4)&"")) | M79: =IF($T79="","",IF(INDEX(Checks!$X$5:$X$748,$T79-4)="","",INDEX(Checks!$X$5:$X$748,$T79-4))) | N79: =IF($T79="","",IF(INDEX(Checks!$Y$5:$Y$748,$T79-4)="","",INDEX(Checks!$Y$5:$Y$748,$T79-4))) | O79: =IF($T79="","",IF(INDEX(Checks!$AF$5:$AF$748,$T79-4)="","",INDEX(Checks!$AF$5:$AF$748,$T79-4))) | P79: =IF($T79="","",IF(LEN(INDEX(Checks!$AB$5:$AB$748,$T79-4))>12,LEFT(INDEX(Checks!$AB$5:$AB$748,$T79-4),11)&"…",INDEX(Checks!$AB$5:$AB$748,$T79-4)&"")) | Q79: =IF($T79="","",IF(LEN(INDEX(Checks!$AA$5:$AA$748,$T79-4))>68,LEFT(INDEX(Checks!$AA$5:$AA$748,$T79-4),67)&"…",INDEX(Checks!$AA$5:$AA$748,$T79-4)&"")) | T79: =IFERROR(MATCH(4,Checks!$AP$5:$AP$748,0)+4,"")
B80: =IF($T80="","",5) | C80: =IF($T80="","",IF(LEN(INDEX(Checks!$A$5:$A$748,$T80-4))>28,LEFT(INDEX(Checks!$A$5:$A$748,$T80-4),27)&"…",INDEX(Checks!$A$5:$A$748,$T80-4)&"")) | E80: =IF($T80="","",IF(LEN(INDEX(Checks!$C$5:$C$748,$T80-4))>14,LEFT(INDEX(Checks!$C$5:$C$748,$T80-4),13)&"…",INDEX(Checks!$C$5:$C$748,$T80-4)&"")) | F80: =IF($T80="","",IF(LEN(INDEX(Checks!$G$5:$G$748,$T80-4))>25,LEFT(INDEX(Checks!$G$5:$G$748,$T80-4),24)&"…",INDEX(Checks!$G$5:$G$748,$T80-4)&"")) | H80: =IF($T80="","",IF(LEN(INDEX(Checks!$J$5:$J$748,$T80-4))>68,LEFT(INDEX(Checks!$J$5:$J$748,$T80-4),67)&"…",INDEX(Checks!$J$5:$J$748,$T80-4)&"")) | L80: =IF($T80="","",IF(LEN(INDEX(Checks!$U$5:$U$748,$T80-4))>12,LEFT(INDEX(Checks!$U$5:$U$748,$T80-4),11)&"…",INDEX(Checks!$U$5:$U$748,$T80-4)&"")) | M80: =IF($T80="","",IF(INDEX(Checks!$X$5:$X$748,$T80-4)="","",INDEX(Checks!$X$5:$X$748,$T80-4))) | N80: =IF($T80="","",IF(INDEX(Checks!$Y$5:$Y$748,$T80-4)="","",INDEX(Checks!$Y$5:$Y$748,$T80-4))) | O80: =IF($T80="","",IF(INDEX(Checks!$AF$5:$AF$748,$T80-4)="","",INDEX(Checks!$AF$5:$AF$748,$T80-4))) | P80: =IF($T80="","",IF(LEN(INDEX(Checks!$AB$5:$AB$748,$T80-4))>12,LEFT(INDEX(Checks!$AB$5:$AB$748,$T80-4),11)&"…",INDEX(Checks!$AB$5:$AB$748,$T80-4)&"")) | Q80: =IF($T80="","",IF(LEN(INDEX(Checks!$AA$5:$AA$748,$T80-4))>68,LEFT(INDEX(Checks!$AA$5:$AA$748,$T80-4),67)&"…",INDEX(Checks!$AA$5:$AA$748,$T80-4)&"")) | T80: =IFERROR(MATCH(5,Checks!$AP$5:$AP$748,0)+4,"")
B81: =IF($T81="","",6) | C81: =IF($T81="","",IF(LEN(INDEX(Checks!$A$5:$A$748,$T81-4))>28,LEFT(INDEX(Checks!$A$5:$A$748,$T81-4),27)&"…",INDEX(Checks!$A$5:$A$748,$T81-4)&"")) | E81: =IF($T81="","",IF(LEN(INDEX(Checks!$C$5:$C$748,$T81-4))>14,LEFT(INDEX(Checks!$C$5:$C$748,$T81-4),13)&"…",INDEX(Checks!$C$5:$C$748,$T81-4)&"")) | F81: =IF($T81="","",IF(LEN(INDEX(Checks!$G$5:$G$748,$T81-4))>25,LEFT(INDEX(Checks!$G$5:$G$748,$T81-4),24)&"…",INDEX(Checks!$G$5:$G$748,$T81-4)&"")) | H81: =IF($T81="","",IF(LEN(INDEX(Checks!$J$5:$J$748,$T81-4))>68,LEFT(INDEX(Checks!$J$5:$J$748,$T81-4),67)&"…",INDEX(Checks!$J$5:$J$748,$T81-4)&"")) | L81: =IF($T81="","",IF(LEN(INDEX(Checks!$U$5:$U$748,$T81-4))>12,LEFT(INDEX(Checks!$U$5:$U$748,$T81-4),11)&"…",INDEX(Checks!$U$5:$U$748,$T81-4)&"")) | M81: =IF($T81="","",IF(INDEX(Checks!$X$5:$X$748,$T81-4)="","",INDEX(Checks!$X$5:$X$748,$T81-4))) | N81: =IF($T81="","",IF(INDEX(Checks!$Y$5:$Y$748,$T81-4)="","",INDEX(Checks!$Y$5:$Y$748,$T81-4))) | O81: =IF($T81="","",IF(INDEX(Checks!$AF$5:$AF$748,$T81-4)="","",INDEX(Checks!$AF$5:$AF$748,$T81-4))) | P81: =IF($T81="","",IF(LEN(INDEX(Checks!$AB$5:$AB$748,$T81-4))>12,LEFT(INDEX(Checks!$AB$5:$AB$748,$T81-4),11)&"…",INDEX(Checks!$AB$5:$AB$748,$T81-4)&"")) | Q81: =IF($T81="","",IF(LEN(INDEX(Checks!$AA$5:$AA$748,$T81-4))>68,LEFT(INDEX(Checks!$AA$5:$AA$748,$T81-4),67)&"…",INDEX(Checks!$AA$5:$AA$748,$T81-4)&"")) | T81: =IFERROR(MATCH(6,Checks!$AP$5:$AP$748,0)+4,"")
B82: =IF($T82="","",7) | C82: =IF($T82="","",IF(LEN(INDEX(Checks!$A$5:$A$748,$T82-4))>28,LEFT(INDEX(Checks!$A$5:$A$748,$T82-4),27)&"…",INDEX(Checks!$A$5:$A$748,$T82-4)&"")) | E82: =IF($T82="","",IF(LEN(INDEX(Checks!$C$5:$C$748,$T82-4))>14,LEFT(INDEX(Checks!$C$5:$C$748,$T82-4),13)&"…",INDEX(Checks!$C$5:$C$748,$T82-4)&"")) | F82: =IF($T82="","",IF(LEN(INDEX(Checks!$G$5:$G$748,$T82-4))>25,LEFT(INDEX(Checks!$G$5:$G$748,$T82-4),24)&"…",INDEX(Checks!$G$5:$G$748,$T82-4)&"")) | H82: =IF($T82="","",IF(LEN(INDEX(Checks!$J$5:$J$748,$T82-4))>68,LEFT(INDEX(Checks!$J$5:$J$748,$T82-4),67)&"…",INDEX(Checks!$J$5:$J$748,$T82-4)&"")) | L82: =IF($T82="","",IF(LEN(INDEX(Checks!$U$5:$U$748,$T82-4))>12,LEFT(INDEX(Checks!$U$5:$U$748,$T82-4),11)&"…",INDEX(Checks!$U$5:$U$748,$T82-4)&"")) | M82: =IF($T82="","",IF(INDEX(Checks!$X$5:$X$748,$T82-4)="","",INDEX(Checks!$X$5:$X$748,$T82-4))) | N82: =IF($T82="","",IF(INDEX(Checks!$Y$5:$Y$748,$T82-4)="","",INDEX(Checks!$Y$5:$Y$748,$T82-4))) | O82: =IF($T82="","",IF(INDEX(Checks!$AF$5:$AF$748,$T82-4)="","",INDEX(Checks!$AF$5:$AF$748,$T82-4))) | P82: =IF($T82="","",IF(LEN(INDEX(Checks!$AB$5:$AB$748,$T82-4))>12,LEFT(INDEX(Checks!$AB$5:$AB$748,$T82-4),11)&"…",INDEX(Checks!$AB$5:$AB$748,$T82-4)&"")) | Q82: =IF($T82="","",IF(LEN(INDEX(Checks!$AA$5:$AA$748,$T82-4))>68,LEFT(INDEX(Checks!$AA$5:$AA$748,$T82-4),67)&"…",INDEX(Checks!$AA$5:$AA$748,$T82-4)&"")) | T82: =IFERROR(MATCH(7,Checks!$AP$5:$AP$748,0)+4,"")
B83: =IF($T83="","",8) | C83: =IF($T83="","",IF(LEN(INDEX(Checks!$A$5:$A$748,$T83-4))>28,LEFT(INDEX(Checks!$A$5:$A$748,$T83-4),27)&"…",INDEX(Checks!$A$5:$A$748,$T83-4)&"")) | E83: =IF($T83="","",IF(LEN(INDEX(Checks!$C$5:$C$748,$T83-4))>14,LEFT(INDEX(Checks!$C$5:$C$748,$T83-4),13)&"…",INDEX(Checks!$C$5:$C$748,$T83-4)&"")) | F83: =IF($T83="","",IF(LEN(INDEX(Checks!$G$5:$G$748,$T83-4))>25,LEFT(INDEX(Checks!$G$5:$G$748,$T83-4),24)&"…",INDEX(Checks!$G$5:$G$748,$T83-4)&"")) | H83: =IF($T83="","",IF(LEN(INDEX(Checks!$J$5:$J$748,$T83-4))>68,LEFT(INDEX(Checks!$J$5:$J$748,$T83-4),67)&"…",INDEX(Checks!$J$5:$J$748,$T83-4)&"")) | L83: =IF($T83="","",IF(LEN(INDEX(Checks!$U$5:$U$748,$T83-4))>12,LEFT(INDEX(Checks!$U$5:$U$748,$T83-4),11)&"…",INDEX(Checks!$U$5:$U$748,$T83-4)&"")) | M83: =IF($T83="","",IF(INDEX(Checks!$X$5:$X$748,$T83-4)="","",INDEX(Checks!$X$5:$X$748,$T83-4))) | N83: =IF($T83="","",IF(INDEX(Checks!$Y$5:$Y$748,$T83-4)="","",INDEX(Checks!$Y$5:$Y$748,$T83-4))) | O83: =IF($T83="","",IF(INDEX(Checks!$AF$5:$AF$748,$T83-4)="","",INDEX(Checks!$AF$5:$AF$748,$T83-4))) | P83: =IF($T83="","",IF(LEN(INDEX(Checks!$AB$5:$AB$748,$T83-4))>12,LEFT(INDEX(Checks!$AB$5:$AB$748,$T83-4),11)&"…",INDEX(Checks!$AB$5:$AB$748,$T83-4)&"")) | Q83: =IF($T83="","",IF(LEN(INDEX(Checks!$AA$5:$AA$748,$T83-4))>68,LEFT(INDEX(Checks!$AA$5:$AA$748,$T83-4),67)&"…",INDEX(Checks!$AA$5:$AA$748,$T83-4)&"")) | T83: =IFERROR(MATCH(8,Checks!$AP$5:$AP$748,0)+4,"")
B84: =IF($T84="","",9) | C84: =IF($T84="","",IF(LEN(INDEX(Checks!$A$5:$A$748,$T84-4))>28,LEFT(INDEX(Checks!$A$5:$A$748,$T84-4),27)&"…",INDEX(Checks!$A$5:$A$748,$T84-4)&"")) | E84: =IF($T84="","",IF(LEN(INDEX(Checks!$C$5:$C$748,$T84-4))>14,LEFT(INDEX(Checks!$C$5:$C$748,$T84-4),13)&"…",INDEX(Checks!$C$5:$C$748,$T84-4)&"")) | F84: =IF($T84="","",IF(LEN(INDEX(Checks!$G$5:$G$748,$T84-4))>25,LEFT(INDEX(Checks!$G$5:$G$748,$T84-4),24)&"…",INDEX(Checks!$G$5:$G$748,$T84-4)&"")) | H84: =IF($T84="","",IF(LEN(INDEX(Checks!$J$5:$J$748,$T84-4))>68,LEFT(INDEX(Checks!$J$5:$J$748,$T84-4),67)&"…",INDEX(Checks!$J$5:$J$748,$T84-4)&"")) | L84: =IF($T84="","",IF(LEN(INDEX(Checks!$U$5:$U$748,$T84-4))>12,LEFT(INDEX(Checks!$U$5:$U$748,$T84-4),11)&"…",INDEX(Checks!$U$5:$U$748,$T84-4)&"")) | M84: =IF($T84="","",IF(INDEX(Checks!$X$5:$X$748,$T84-4)="","",INDEX(Checks!$X$5:$X$748,$T84-4))) | N84: =IF($T84="","",IF(INDEX(Checks!$Y$5:$Y$748,$T84-4)="","",INDEX(Checks!$Y$5:$Y$748,$T84-4))) | O84: =IF($T84="","",IF(INDEX(Checks!$AF$5:$AF$748,$T84-4)="","",INDEX(Checks!$AF$5:$AF$748,$T84-4))) | P84: =IF($T84="","",IF(LEN(INDEX(Checks!$AB$5:$AB$748,$T84-4))>12,LEFT(INDEX(Checks!$AB$5:$AB$748,$T84-4),11)&"…",INDEX(Checks!$AB$5:$AB$748,$T84-4)&"")) | Q84: =IF($T84="","",IF(LEN(INDEX(Checks!$AA$5:$AA$748,$T84-4))>68,LEFT(INDEX(Checks!$AA$5:$AA$748,$T84-4),67)&"…",INDEX(Checks!$AA$5:$AA$748,$T84-4)&"")) | T84: =IFERROR(MATCH(9,Checks!$AP$5:$AP$748,0)+4,"")
B85: =IF($T85="","",10) | C85: =IF($T85="","",IF(LEN(INDEX(Checks!$A$5:$A$748,$T85-4))>28,LEFT(INDEX(Checks!$A$5:$A$748,$T85-4),27)&"…",INDEX(Checks!$A$5:$A$748,$T85-4)&"")) | E85: =IF($T85="","",IF(LEN(INDEX(Checks!$C$5:$C$748,$T85-4))>14,LEFT(INDEX(Checks!$C$5:$C$748,$T85-4),13)&"…",INDEX(Checks!$C$5:$C$748,$T85-4)&"")) | F85: =IF($T85="","",IF(LEN(INDEX(Checks!$G$5:$G$748,$T85-4))>25,LEFT(INDEX(Checks!$G$5:$G$748,$T85-4),24)&"…",INDEX(Checks!$G$5:$G$748,$T85-4)&"")) | H85: =IF($T85="","",IF(LEN(INDEX(Checks!$J$5:$J$748,$T85-4))>68,LEFT(INDEX(Checks!$J$5:$J$748,$T85-4),67)&"…",INDEX(Checks!$J$5:$J$748,$T85-4)&"")) | L85: =IF($T85="","",IF(LEN(INDEX(Checks!$U$5:$U$748,$T85-4))>12,LEFT(INDEX(Checks!$U$5:$U$748,$T85-4),11)&"…",INDEX(Checks!$U$5:$U$748,$T85-4)&"")) | M85: =IF($T85="","",IF(INDEX(Checks!$X$5:$X$748,$T85-4)="","",INDEX(Checks!$X$5:$X$748,$T85-4))) | N85: =IF($T85="","",IF(INDEX(Checks!$Y$5:$Y$748,$T85-4)="","",INDEX(Checks!$Y$5:$Y$748,$T85-4))) | O85: =IF($T85="","",IF(INDEX(Checks!$AF$5:$AF$748,$T85-4)="","",INDEX(Checks!$AF$5:$AF$748,$T85-4))) | P85: =IF($T85="","",IF(LEN(INDEX(Checks!$AB$5:$AB$748,$T85-4))>12,LEFT(INDEX(Checks!$AB$5:$AB$748,$T85-4),11)&"…",INDEX(Checks!$AB$5:$AB$748,$T85-4)&"")) | Q85: =IF($T85="","",IF(LEN(INDEX(Checks!$AA$5:$AA$748,$T85-4))>68,LEFT(INDEX(Checks!$AA$5:$AA$748,$T85-4),67)&"…",INDEX(Checks!$AA$5:$AA$748,$T85-4)&"")) | T85: =IFERROR(MATCH(10,Checks!$AP$5:$AP$748,0)+4,"")
B86: =IF($T86="","",11) | C86: =IF($T86="","",IF(LEN(INDEX(Checks!$A$5:$A$748,$T86-4))>28,LEFT(INDEX(Checks!$A$5:$A$748,$T86-4),27)&"…",INDEX(Checks!$A$5:$A$748,$T86-4)&"")) | E86: =IF($T86="","",IF(LEN(INDEX(Checks!$C$5:$C$748,$T86-4))>14,LEFT(INDEX(Checks!$C$5:$C$748,$T86-4),13)&"…",INDEX(Checks!$C$5:$C$748,$T86-4)&"")) | F86: =IF($T86="","",IF(LEN(INDEX(Checks!$G$5:$G$748,$T86-4))>25,LEFT(INDEX(Checks!$G$5:$G$748,$T86-4),24)&"…",INDEX(Checks!$G$5:$G$748,$T86-4)&"")) | H86: =IF($T86="","",IF(LEN(INDEX(Checks!$J$5:$J$748,$T86-4))>68,LEFT(INDEX(Checks!$J$5:$J$748,$T86-4),67)&"…",INDEX(Checks!$J$5:$J$748,$T86-4)&"")) | L86: =IF($T86="","",IF(LEN(INDEX(Checks!$U$5:$U$748,$T86-4))>12,LEFT(INDEX(Checks!$U$5:$U$748,$T86-4),11)&"…",INDEX(Checks!$U$5:$U$748,$T86-4)&"")) | M86: =IF($T86="","",IF(INDEX(Checks!$X$5:$X$748,$T86-4)="","",INDEX(Checks!$X$5:$X$748,$T86-4))) | N86: =IF($T86="","",IF(INDEX(Checks!$Y$5:$Y$748,$T86-4)="","",INDEX(Checks!$Y$5:$Y$748,$T86-4))) | O86: =IF($T86="","",IF(INDEX(Checks!$AF$5:$AF$748,$T86-4)="","",INDEX(Checks!$AF$5:$AF$748,$T86-4))) | P86: =IF($T86="","",IF(LEN(INDEX(Checks!$AB$5:$AB$748,$T86-4))>12,LEFT(INDEX(Checks!$AB$5:$AB$748,$T86-4),11)&"…",INDEX(Checks!$AB$5:$AB$748,$T86-4)&"")) | Q86: =IF($T86="","",IF(LEN(INDEX(Checks!$AA$5:$AA$748,$T86-4))>68,LEFT(INDEX(Checks!$AA$5:$AA$748,$T86-4),67)&"…",INDEX(Checks!$AA$5:$AA$748,$T86-4)&"")) | T86: =IFERROR(MATCH(11,Checks!$AP$5:$AP$748,0)+4,"")
B87: =IF($T87="","",12) | C87: =IF($T87="","",IF(LEN(INDEX(Checks!$A$5:$A$748,$T87-4))>28,LEFT(INDEX(Checks!$A$5:$A$748,$T87-4),27)&"…",INDEX(Checks!$A$5:$A$748,$T87-4)&"")) | E87: =IF($T87="","",IF(LEN(INDEX(Checks!$C$5:$C$748,$T87-4))>14,LEFT(INDEX(Checks!$C$5:$C$748,$T87-4),13)&"…",INDEX(Checks!$C$5:$C$748,$T87-4)&"")) | F87: =IF($T87="","",IF(LEN(INDEX(Checks!$G$5:$G$748,$T87-4))>25,LEFT(INDEX(Checks!$G$5:$G$748,$T87-4),24)&"…",INDEX(Checks!$G$5:$G$748,$T87-4)&"")) | H87: =IF($T87="","",IF(LEN(INDEX(Checks!$J$5:$J$748,$T87-4))>68,LEFT(INDEX(Checks!$J$5:$J$748,$T87-4),67)&"…",INDEX(Checks!$J$5:$J$748,$T87-4)&"")) | L87: =IF($T87="","",IF(LEN(INDEX(Checks!$U$5:$U$748,$T87-4))>12,LEFT(INDEX(Checks!$U$5:$U$748,$T87-4),11)&"…",INDEX(Checks!$U$5:$U$748,$T87-4)&"")) | M87: =IF($T87="","",IF(INDEX(Checks!$X$5:$X$748,$T87-4)="","",INDEX(Checks!$X$5:$X$748,$T87-4))) | N87: =IF($T87="","",IF(INDEX(Checks!$Y$5:$Y$748,$T87-4)="","",INDEX(Checks!$Y$5:$Y$748,$T87-4))) | O87: =IF($T87="","",IF(INDEX(Checks!$AF$5:$AF$748,$T87-4)="","",INDEX(Checks!$AF$5:$AF$748,$T87-4))) | P87: =IF($T87="","",IF(LEN(INDEX(Checks!$AB$5:$AB$748,$T87-4))>12,LEFT(INDEX(Checks!$AB$5:$AB$748,$T87-4),11)&"…",INDEX(Checks!$AB$5:$AB$748,$T87-4)&"")) | Q87: =IF($T87="","",IF(LEN(INDEX(Checks!$AA$5:$AA$748,$T87-4))>68,LEFT(INDEX(Checks!$AA$5:$AA$748,$T87-4),67)&"…",INDEX(Checks!$AA$5:$AA$748,$T87-4)&"")) | T87: =IFERROR(MATCH(12,Checks!$AP$5:$AP$748,0)+4,"")
B88: =IF($T88="","",13) | C88: =IF($T88="","",IF(LEN(INDEX(Checks!$A$5:$A$748,$T88-4))>28,LEFT(INDEX(Checks!$A$5:$A$748,$T88-4),27)&"…",INDEX(Checks!$A$5:$A$748,$T88-4)&"")) | E88: =IF($T88="","",IF(LEN(INDEX(Checks!$C$5:$C$748,$T88-4))>14,LEFT(INDEX(Checks!$C$5:$C$748,$T88-4),13)&"…",INDEX(Checks!$C$5:$C$748,$T88-4)&"")) | F88: =IF($T88="","",IF(LEN(INDEX(Checks!$G$5:$G$748,$T88-4))>25,LEFT(INDEX(Checks!$G$5:$G$748,$T88-4),24)&"…",INDEX(Checks!$G$5:$G$748,$T88-4)&"")) | H88: =IF($T88="","",IF(LEN(INDEX(Checks!$J$5:$J$748,$T88-4))>68,LEFT(INDEX(Checks!$J$5:$J$748,$T88-4),67)&"…",INDEX(Checks!$J$5:$J$748,$T88-4)&"")) | L88: =IF($T88="","",IF(LEN(INDEX(Checks!$U$5:$U$748,$T88-4))>12,LEFT(INDEX(Checks!$U$5:$U$748,$T88-4),11)&"…",INDEX(Checks!$U$5:$U$748,$T88-4)&"")) | M88: =IF($T88="","",IF(INDEX(Checks!$X$5:$X$748,$T88-4)="","",INDEX(Checks!$X$5:$X$748,$T88-4))) | N88: =IF($T88="","",IF(INDEX(Checks!$Y$5:$Y$748,$T88-4)="","",INDEX(Checks!$Y$5:$Y$748,$T88-4))) | O88: =IF($T88="","",IF(INDEX(Checks!$AF$5:$AF$748,$T88-4)="","",INDEX(Checks!$AF$5:$AF$748,$T88-4))) | P88: =IF($T88="","",IF(LEN(INDEX(Checks!$AB$5:$AB$748,$T88-4))>12,LEFT(INDEX(Checks!$AB$5:$AB$748,$T88-4),11)&"…",INDEX(Checks!$AB$5:$AB$748,$T88-4)&"")) | Q88: =IF($T88="","",IF(LEN(INDEX(Checks!$AA$5:$AA$748,$T88-4))>68,LEFT(INDEX(Checks!$AA$5:$AA$748,$T88-4),67)&"…",INDEX(Checks!$AA$5:$AA$748,$T88-4)&"")) | T88: =IFERROR(MATCH(13,Checks!$AP$5:$AP$748,0)+4,"")
B89: =IF($T89="","",14) | C89: =IF($T89="","",IF(LEN(INDEX(Checks!$A$5:$A$748,$T89-4))>28,LEFT(INDEX(Checks!$A$5:$A$748,$T89-4),27)&"…",INDEX(Checks!$A$5:$A$748,$T89-4)&"")) | E89: =IF($T89="","",IF(LEN(INDEX(Checks!$C$5:$C$748,$T89-4))>14,LEFT(INDEX(Checks!$C$5:$C$748,$T89-4),13)&"…",INDEX(Checks!$C$5:$C$748,$T89-4)&"")) | F89: =IF($T89="","",IF(LEN(INDEX(Checks!$G$5:$G$748,$T89-4))>25,LEFT(INDEX(Checks!$G$5:$G$748,$T89-4),24)&"…",INDEX(Checks!$G$5:$G$748,$T89-4)&"")) | H89: =IF($T89="","",IF(LEN(INDEX(Checks!$J$5:$J$748,$T89-4))>68,LEFT(INDEX(Checks!$J$5:$J$748,$T89-4),67)&"…",INDEX(Checks!$J$5:$J$748,$T89-4)&"")) | L89: =IF($T89="","",IF(LEN(INDEX(Checks!$U$5:$U$748,$T89-4))>12,LEFT(INDEX(Checks!$U$5:$U$748,$T89-4),11)&"…",INDEX(Checks!$U$5:$U$748,$T89-4)&"")) | M89: =IF($T89="","",IF(INDEX(Checks!$X$5:$X$748,$T89-4)="","",INDEX(Checks!$X$5:$X$748,$T89-4))) | N89: =IF($T89="","",IF(INDEX(Checks!$Y$5:$Y$748,$T89-4)="","",INDEX(Checks!$Y$5:$Y$748,$T89-4))) | O89: =IF($T89="","",IF(INDEX(Checks!$AF$5:$AF$748,$T89-4)="","",INDEX(Checks!$AF$5:$AF$748,$T89-4))) | P89: =IF($T89="","",IF(LEN(INDEX(Checks!$AB$5:$AB$748,$T89-4))>12,LEFT(INDEX(Checks!$AB$5:$AB$748,$T89-4),11)&"…",INDEX(Checks!$AB$5:$AB$748,$T89-4)&"")) | Q89: =IF($T89="","",IF(LEN(INDEX(Checks!$AA$5:$AA$748,$T89-4))>68,LEFT(INDEX(Checks!$AA$5:$AA$748,$T89-4),67)&"…",INDEX(Checks!$AA$5:$AA$748,$T89-4)&"")) | T89: =IFERROR(MATCH(14,Checks!$AP$5:$AP$748,0)+4,"")
B90: =IF($T90="","",15) | C90: =IF($T90="","",IF(LEN(INDEX(Checks!$A$5:$A$748,$T90-4))>28,LEFT(INDEX(Checks!$A$5:$A$748,$T90-4),27)&"…",INDEX(Checks!$A$5:$A$748,$T90-4)&"")) | E90: =IF($T90="","",IF(LEN(INDEX(Checks!$C$5:$C$748,$T90-4))>14,LEFT(INDEX(Checks!$C$5:$C$748,$T90-4),13)&"…",INDEX(Checks!$C$5:$C$748,$T90-4)&"")) | F90: =IF($T90="","",IF(LEN(INDEX(Checks!$G$5:$G$748,$T90-4))>25,LEFT(INDEX(Checks!$G$5:$G$748,$T90-4),24)&"…",INDEX(Checks!$G$5:$G$748,$T90-4)&"")) | H90: =IF($T90="","",IF(LEN(INDEX(Checks!$J$5:$J$748,$T90-4))>68,LEFT(INDEX(Checks!$J$5:$J$748,$T90-4),67)&"…",INDEX(Checks!$J$5:$J$748,$T90-4)&"")) | L90: =IF($T90="","",IF(LEN(INDEX(Checks!$U$5:$U$748,$T90-4))>12,LEFT(INDEX(Checks!$U$5:$U$748,$T90-4),11)&"…",INDEX(Checks!$U$5:$U$748,$T90-4)&"")) | M90: =IF($T90="","",IF(INDEX(Checks!$X$5:$X$748,$T90-4)="","",INDEX(Checks!$X$5:$X$748,$T90-4))) | N90: =IF($T90="","",IF(INDEX(Checks!$Y$5:$Y$748,$T90-4)="","",INDEX(Checks!$Y$5:$Y$748,$T90-4))) | O90: =IF($T90="","",IF(INDEX(Checks!$AF$5:$AF$748,$T90-4)="","",INDEX(Checks!$AF$5:$AF$748,$T90-4))) | P90: =IF($T90="","",IF(LEN(INDEX(Checks!$AB$5:$AB$748,$T90-4))>12,LEFT(INDEX(Checks!$AB$5:$AB$748,$T90-4),11)&"…",INDEX(Checks!$AB$5:$AB$748,$T90-4)&"")) | Q90: =IF($T90="","",IF(LEN(INDEX(Checks!$AA$5:$AA$748,$T90-4))>68,LEFT(INDEX(Checks!$AA$5:$AA$748,$T90-4),67)&"…",INDEX(Checks!$AA$5:$AA$748,$T90-4)&"")) | T90: =IFERROR(MATCH(15,Checks!$AP$5:$AP$748,0)+4,"")
B91: =IF($T91="","",16) | C91: =IF($T91="","",IF(LEN(INDEX(Checks!$A$5:$A$748,$T91-4))>28,LEFT(INDEX(Checks!$A$5:$A$748,$T91-4),27)&"…",INDEX(Checks!$A$5:$A$748,$T91-4)&"")) | E91: =IF($T91="","",IF(LEN(INDEX(Checks!$C$5:$C$748,$T91-4))>14,LEFT(INDEX(Checks!$C$5:$C$748,$T91-4),13)&"…",INDEX(Checks!$C$5:$C$748,$T91-4)&"")) | F91: =IF($T91="","",IF(LEN(INDEX(Checks!$G$5:$G$748,$T91-4))>25,LEFT(INDEX(Checks!$G$5:$G$748,$T91-4),24)&"…",INDEX(Checks!$G$5:$G$748,$T91-4)&"")) | H91: =IF($T91="","",IF(LEN(INDEX(Checks!$J$5:$J$748,$T91-4))>68,LEFT(INDEX(Checks!$J$5:$J$748,$T91-4),67)&"…",INDEX(Checks!$J$5:$J$748,$T91-4)&"")) | L91: =IF($T91="","",IF(LEN(INDEX(Checks!$U$5:$U$748,$T91-4))>12,LEFT(INDEX(Checks!$U$5:$U$748,$T91-4),11)&"…",INDEX(Checks!$U$5:$U$748,$T91-4)&"")) | M91: =IF($T91="","",IF(INDEX(Checks!$X$5:$X$748,$T91-4)="","",INDEX(Checks!$X$5:$X$748,$T91-4))) | N91: =IF($T91="","",IF(INDEX(Checks!$Y$5:$Y$748,$T91-4)="","",INDEX(Checks!$Y$5:$Y$748,$T91-4))) | O91: =IF($T91="","",IF(INDEX(Checks!$AF$5:$AF$748,$T91-4)="","",INDEX(Checks!$AF$5:$AF$748,$T91-4))) | P91: =IF($T91="","",IF(LEN(INDEX(Checks!$AB$5:$AB$748,$T91-4))>12,LEFT(INDEX(Checks!$AB$5:$AB$748,$T91-4),11)&"…",INDEX(Checks!$AB$5:$AB$748,$T91-4)&"")) | Q91: =IF($T91="","",IF(LEN(INDEX(Checks!$AA$5:$AA$748,$T91-4))>68,LEFT(INDEX(Checks!$AA$5:$AA$748,$T91-4),67)&"…",INDEX(Checks!$AA$5:$AA$748,$T91-4)&"")) | T91: =IFERROR(MATCH(16,Checks!$AP$5:$AP$748,0)+4,"")
B92: =IF($T92="","",17) | C92: =IF($T92="","",IF(LEN(INDEX(Checks!$A$5:$A$748,$T92-4))>28,LEFT(INDEX(Checks!$A$5:$A$748,$T92-4),27)&"…",INDEX(Checks!$A$5:$A$748,$T92-4)&"")) | E92: =IF($T92="","",IF(LEN(INDEX(Checks!$C$5:$C$748,$T92-4))>14,LEFT(INDEX(Checks!$C$5:$C$748,$T92-4),13)&"…",INDEX(Checks!$C$5:$C$748,$T92-4)&"")) | F92: =IF($T92="","",IF(LEN(INDEX(Checks!$G$5:$G$748,$T92-4))>25,LEFT(INDEX(Checks!$G$5:$G$748,$T92-4),24)&"…",INDEX(Checks!$G$5:$G$748,$T92-4)&"")) | H92: =IF($T92="","",IF(LEN(INDEX(Checks!$J$5:$J$748,$T92-4))>68,LEFT(INDEX(Checks!$J$5:$J$748,$T92-4),67)&"…",INDEX(Checks!$J$5:$J$748,$T92-4)&"")) | L92: =IF($T92="","",IF(LEN(INDEX(Checks!$U$5:$U$748,$T92-4))>12,LEFT(INDEX(Checks!$U$5:$U$748,$T92-4),11)&"…",INDEX(Checks!$U$5:$U$748,$T92-4)&"")) | M92: =IF($T92="","",IF(INDEX(Checks!$X$5:$X$748,$T92-4)="","",INDEX(Checks!$X$5:$X$748,$T92-4))) | N92: =IF($T92="","",IF(INDEX(Checks!$Y$5:$Y$748,$T92-4)="","",INDEX(Checks!$Y$5:$Y$748,$T92-4))) | O92: =IF($T92="","",IF(INDEX(Checks!$AF$5:$AF$748,$T92-4)="","",INDEX(Checks!$AF$5:$AF$748,$T92-4))) | P92: =IF($T92="","",IF(LEN(INDEX(Checks!$AB$5:$AB$748,$T92-4))>12,LEFT(INDEX(Checks!$AB$5:$AB$748,$T92-4),11)&"…",INDEX(Checks!$AB$5:$AB$748,$T92-4)&"")) | Q92: =IF($T92="","",IF(LEN(INDEX(Checks!$AA$5:$AA$748,$T92-4))>68,LEFT(INDEX(Checks!$AA$5:$AA$748,$T92-4),67)&"…",INDEX(Checks!$AA$5:$AA$748,$T92-4)&"")) | T92: =IFERROR(MATCH(17,Checks!$AP$5:$AP$748,0)+4,"")
B93: =IF($T93="","",18) | C93: =IF($T93="","",IF(LEN(INDEX(Checks!$A$5:$A$748,$T93-4))>28,LEFT(INDEX(Checks!$A$5:$A$748,$T93-4),27)&"…",INDEX(Checks!$A$5:$A$748,$T93-4)&"")) | E93: =IF($T93="","",IF(LEN(INDEX(Checks!$C$5:$C$748,$T93-4))>14,LEFT(INDEX(Checks!$C$5:$C$748,$T93-4),13)&"…",INDEX(Checks!$C$5:$C$748,$T93-4)&"")) | F93: =IF($T93="","",IF(LEN(INDEX(Checks!$G$5:$G$748,$T93-4))>25,LEFT(INDEX(Checks!$G$5:$G$748,$T93-4),24)&"…",INDEX(Checks!$G$5:$G$748,$T93-4)&"")) | H93: =IF($T93="","",IF(LEN(INDEX(Checks!$J$5:$J$748,$T93-4))>68,LEFT(INDEX(Checks!$J$5:$J$748,$T93-4),67)&"…",INDEX(Checks!$J$5:$J$748,$T93-4)&"")) | L93: =IF($T93="","",IF(LEN(INDEX(Checks!$U$5:$U$748,$T93-4))>12,LEFT(INDEX(Checks!$U$5:$U$748,$T93-4),11)&"…",INDEX(Checks!$U$5:$U$748,$T93-4)&"")) | M93: =IF($T93="","",IF(INDEX(Checks!$X$5:$X$748,$T93-4)="","",INDEX(Checks!$X$5:$X$748,$T93-4))) | N93: =IF($T93="","",IF(INDEX(Checks!$Y$5:$Y$748,$T93-4)="","",INDEX(Checks!$Y$5:$Y$748,$T93-4))) | O93: =IF($T93="","",IF(INDEX(Checks!$AF$5:$AF$748,$T93-4)="","",INDEX(Checks!$AF$5:$AF$748,$T93-4))) | P93: =IF($T93="","",IF(LEN(INDEX(Checks!$AB$5:$AB$748,$T93-4))>12,LEFT(INDEX(Checks!$AB$5:$AB$748,$T93-4),11)&"…",INDEX(Checks!$AB$5:$AB$748,$T93-4)&"")) | Q93: =IF($T93="","",IF(LEN(INDEX(Checks!$AA$5:$AA$748,$T93-4))>68,LEFT(INDEX(Checks!$AA$5:$AA$748,$T93-4),67)&"…",INDEX(Checks!$AA$5:$AA$748,$T93-4)&"")) | T93: =IFERROR(MATCH(18,Checks!$AP$5:$AP$748,0)+4,"")
B94: =IF(SUM(Checks!$AL$5:$AL$748)=0,"No outstanding discrepancies at the as-of time.",IF(SUM(Checks!$AL$5:$AL$748)>18,"+"&(SUM(Checks!$AL$5:$AL$748)-18)&" more outstanding discrepancies not shown – see Checks sheet (filter on column AP).","")) -> No outstanding discrepancies at the as-of time.

Sheet Flights
A1: Flight register
G2: Source: Skytrax Agenda 2026 slide (schedule) and STD UPLIFT INFORMATION.xlsx (uplift). Yellow = input. Times: STD/STA in local time of the departure/arrival station; due times computed from STD in UTC.
A4: Flight ID | B4: Itin | C4: Seq | D4: Date | E4: Day | F4: Flight No | G4: Dep | H4: Arr | I4: STD local | J4: STA local | K4: Class assessed | L4: Fleet (schedule) | M4: Aircraft ref type (STD UPLIFT INFO) | N4: Tail / Reg (input) | O4: Seat | P4: Transit | Q4: Remark | R4: Sector key | S4: Region | T4: Service (ref) | U4: Ref uplift stns | V4: Meal uplift stn | W4: Round-trip catered from KUL: agenda candidate carrying flight | X4: Caterer (input) | Y4: Flight PIC (input) | Z4: Dep UTC offset (h) | AA4: STD UTC | AB4: Block time (h) | AC4: T-7D due UTC | AD4: T-24H due UTC | AE4: T-12H prep due UTC | AF4: Uplift due UTC (= STD) | AG4: T-7D due local (meal uplift stn) | AH4: T-24H due local | AI4: T-12H prep due local | AJ4: T-7D % | AK4: T-24H % | AL4: T-12H prep % | AM4: Uplift % | AN4: Overall % | AO4: Open required checks | AP4: Overdue | AQ4: Open discrepancies | AR4: Docs outstanding | AS4: Clarifications open | AT4: READINESS | AU4: Invalid entries | AV4: Checks completed | AW4: Checks in scope | AX4: Inbound carrying flight: KUL departure (UTC, input) | AY4: KUL loading deadline for KUL-sourced items (UTC) | AZ4: Carrying flight earliest arrival at departure stn (UTC) | BA4: First on-board confirmation (UTC) | BB4: Wording flags to review
A5: F01 | B5: 1 | C5: 1 | D5: 46303 | E5: THU | F5: MH0001 | G5: LHR | H5: KUL | I5: 46303.899 | J5: 46304.743 | K5: EY | L5: A350 | M5: A350-900: A359 (9M-MAB..MAG) or A350 (9M-MAH) - tail to confirm | O5: 14C | P5: - | R5: KUL/LHR/KUL | S5: EUR | T5: 2.5 Meal (Meal) | U5: KUL/LHR | V5: LHR | Z5: =IF(AND(INDEX(TZ_DSTS,MATCH(G5,TZ_STN,0))<>"",(I5-INDEX(TZ_STD,MATCH(G5,TZ_STN,0))/24)>=INDEX(TZ_DSTS,MATCH(G5,TZ_STN,0)),(I5-INDEX(TZ_STD,MATCH(G5,TZ_STN,0))/24)<INDEX(TZ_DSTE,MATCH(G5,TZ_STN,0))),INDEX(TZ_DST,MATCH(G5,TZ_STN,0)),INDEX(TZ_STD,MATCH(G5,TZ_STN,0))) -> 1 | AA5: =I5-Z5/24 -> 46303.858 | AB5: =(J5-(IF(AND(INDEX(TZ_DSTS,MATCH(H5,TZ_STN,0))<>"",(J5-INDEX(TZ_STD,MATCH(H5,TZ_STN,0))/24)>=INDEX(TZ_DSTS,MATCH(H5,TZ_STN,0)),(J5-INDEX(TZ_STD,MATCH(H5,TZ_STN,0))/24)<INDEX(TZ_DSTE,MATCH(H5,TZ_STN,0))),INDEX(TZ_DST,MATCH(H5,TZ_STN,0)),INDEX(TZ_STD,MATCH(H5,TZ_STN,0))))/24-AA5)*24 -> 13.25 | AC5: =AA5-7 -> 46296.858 | AD5: =AA5-1 -> 46302.858 | AE5: =AA5-0.5 -> 46303.358 | AF5: =AA5 -> 46303.858 | AG5: =AC5+(IF(AND(INDEX(TZ_DSTS,MATCH(V5,TZ_STN,0))<>"",AC5>=INDEX(TZ_DSTS,MATCH(V5,TZ_STN,0)),AC5<INDEX(TZ_DSTE,MATCH(V5,TZ_STN,0))),INDEX(TZ_DST,MATCH(V5,TZ_STN,0)),INDEX(TZ_STD,MATCH(V5,TZ_STN,0))))/24 -> 46296.899 | AH5: =AD5+(IF(AND(INDEX(TZ_DSTS,MATCH(V5,TZ_STN,0))<>"",AD5>=INDEX(TZ_DSTS,MATCH(V5,TZ_STN,0)),AD5<INDEX(TZ_DSTE,MATCH(V5,TZ_STN,0))),INDEX(TZ_DST,MATCH(V5,TZ_STN,0)),INDEX(TZ_STD,MATCH(V5,TZ_STN,0))))/24 -> 46302.899 | AI5: =AE5+(IF(AND(INDEX(TZ_DSTS,MATCH(V5,TZ_STN,0))<>"",AE5>=INDEX(TZ_DSTS,MATCH(V5,TZ_STN,0)),AE5<INDEX(TZ_DSTE,MATCH(V5,TZ_STN,0))),INDEX(TZ_DST,MATCH(V5,TZ_STN,0)),INDEX(TZ_STD,MATCH(V5,TZ_STN,0))))/24 -> 46303.399 | AJ5: =IFERROR(SUMIFS(Checks!$AJ$5:$AJ$748,Checks!$B$5:$B$748,$A5,Checks!$G$5:$G$748,"T-7D")/SUMIFS(Checks!$AI$5:$AI$748,Checks!$B$5:$B$748,$A5,Checks!$G$5:$G$748,"T-7D"),"n/a") -> 0 | AK5: =IFERROR(SUMIFS(Checks!$AJ$5:$AJ$748,Checks!$B$5:$B$748,$A5,Checks!$G$5:$G$748,"T-24H")/SUMIFS(Checks!$AI$5:$AI$748,Checks!$B$5:$B$748,$A5,Checks!$G$5:$G$748,"T-24H"),"n/a") -> 0 | AL5: =IFERROR(SUMIFS(Checks!$AJ$5:$AJ$748,Checks!$B$5:$B$748,$A5,Checks!$G$5:$G$748,"T-12H PREP")/SUMIFS(Checks!$AI$5:$AI$748,Checks!$B$5:$B$748,$A5,Checks!$G$5:$G$748,"T-12H PREP"),"n/a") -> 0 | AM5: =IFERROR(SUMIFS(Checks!$AJ$5:$AJ$748,Checks!$B$5:$B$748,$A5,Checks!$G$5:$G$748,"UPLIFT")/SUMIFS(Checks!$AI$5:$AI$748,Checks!$B$5:$B$748,$A5,Checks!$G$5:$G$748,"UPLIFT"),"n/a") -> 0 | AN5: =IFERROR(SUMIFS(Checks!$AJ$5:$AJ$748,Checks!$B$5:$B$748,$A5)/SUMIFS(Checks!$AI$5:$AI$748,Checks!$B$5:$B$748,$A5),"n/a") -> 0 | AO5: =AW5-AV5 -> 24 | AP5: =SUMIFS(Checks!$AK$5:$AK$748,Checks!$B$5:$B$748,$A5) -> 0 | AQ5: =SUMIFS(Checks!$AL$5:$AL$748,Checks!$B$5:$B$748,$A5) -> 0 | AR5: =Documents!P5 -> 2 | AS5: =SUMIFS(Checks!$AN$5:$AN$748,Checks!$B$5:$B$748,$A5,Checks!$H$5:$H$748,"Preparation")+IF(AND(TRIM(L5)="A350",ISNA(MATCH(UPPER(SUBSTITUTE(SUBSTITUTE(TRIM(N5),"-","")," ","")),{"9MMAB","9MMAC","9MMAD","9MMAE","9MMAF","9MMAG","9MMAH"},0))),1,0) -> 2 | AT5: =IF(AND(AW5>0,AO5=0,AQ5=0,AR5=0,AS5=0,AU5=0),"READY",IF(AP5>0,"NOT READY – OVERDUE",IF(AQ5>0,"NOT READY – DISCREPANCY",IF(AU5>0,"NOT READY – INVALID ENTRY",IF(AR5>0,"NOT READY – DOCUMENTS",IF(AS5>0,"NOT READY – CLARIFICATION",IF(AND(AV5>0,SUMIFS(Checks!$AJ$5:$AJ$748,Checks!$B$5:$B$748,$A5,Checks!$H$5:$H$748,"Preparation")=SUMIFS(Checks!$AI$5:$AI$748,Checks!$B$5:$B$748,$A5,Checks!$H$5:$H$748,"Preparation")),"PREP DONE – AWAITING UPLIFT",IF(AV5=0,"NOT STARTED","IN PROGRESS")))))))) -> NOT READY – DOCUMENTS | AU5: =SUMIFS(Checks!$AM$5:$AM$748,Checks!$B$5:$B$748,$A5) -> 0 | AV5: =SUMIFS(Checks!$AJ$5:$AJ$748,Checks!$B$5:$B$748,$A5) -> 0 | AW5: =SUMIFS(Checks!$AI$5:$AI$748,Checks!$B$5:$B$748,$A5) -> 24 | AX5: n/a | AY5: n/a | AZ5: n/a | BA5: =IFERROR(1/(1/_xlfn.MINIFS(Checks!$AG$5:$AG$748,Checks!$B$5:$B$748,$A5,Checks!$H$5:$H$748,"Physical uplift",Checks!$P$5:$P$748,$G5)),"") | BB5: =SUMIFS(Checks!$BG$5:$BG$748,Checks!$B$5:$B$748,$A5) -> 0
A6: F02 | B6: 1 | C6: 2 | D6: 46304 | E6: FRI | F6: MH0727 | G6: KUL | H6: CGK | I6: 46304.91 | J6: 46304.962 | K6: BC | L6: B738MAX | M6: B737-8 (B7M8) | O6: 1C | P6: 4H 00M | Q6: Overnight CGK | R6: KUL/CGK/KUL | S6: ASEAN | T6: 1 Meal (Meal) | U6: KUL/CGK | V6: KUL | Z6: =IF(AND(INDEX(TZ_DSTS,MATCH(G6,TZ_STN,0))<>"",(I6-INDEX(TZ_STD,MATCH(G6,TZ_STN,0))/24)>=INDEX(TZ_DSTS,MATCH(G6,TZ_STN,0)),(I6-INDEX(TZ_STD,MATCH(G6,TZ_STN,0))/24)<INDEX(TZ_DSTE,MATCH(G6,TZ_STN,0))),INDEX(TZ_DST,MATCH(G6,TZ_STN,0)),INDEX(TZ_STD,MATCH(G6,TZ_STN,0))) -> 8 | AA6: =I6-Z6/24 -> 46304.576 | AB6: =(J6-(IF(AND(INDEX(TZ_DSTS,MATCH(H6,TZ_STN,0))<>"",(J6-INDEX(TZ_STD,MATCH(H6,TZ_STN,0))/24)>=INDEX(TZ_DSTS,MATCH(H6,TZ_STN,0)),(J6-INDEX(TZ_STD,MATCH(H6,TZ_STN,0))/24)<INDEX(TZ_DSTE,MATCH(H6,TZ_STN,0))),INDEX(TZ_DST,MATCH(H6,TZ_STN,0)),INDEX(TZ_STD,MATCH(H6,TZ_STN,0))))/24-AA6)*24 -> 2.25 | AC6: =AA6-7 -> 46297.576 | AD6: =AA6-1 -> 46303.576 | AE6: =AA6-0.5 -> 46304.076 | AF6: =AA6 -> 46304.576 | AG6: =AC6+(IF(AND(INDEX(TZ_DSTS,MATCH(V6,TZ_STN,0))<>"",AC6>=INDEX(TZ_DSTS,MATCH(V6,TZ_STN,0)),AC6<INDEX(TZ_DSTE,MATCH(V6,TZ_STN,0))),INDEX(TZ_DST,MATCH(V6,TZ_STN,0)),INDEX(TZ_STD,MATCH(V6,TZ_STN,0))))/24 -> 46297.91 | AH6: =AD6+(IF(AND(INDEX(TZ_DSTS,MATCH(V6,TZ_STN,0))<>"",AD6>=INDEX(TZ_DSTS,MATCH(V6,TZ_STN,0)),AD6<INDEX(TZ_DSTE,MATCH(V6,TZ_STN,0))),INDEX(TZ_DST,MATCH(V6,TZ_STN,0)),INDEX(TZ_STD,MATCH(V6,TZ_STN,0))))/24 -> 46303.91 | AI6: =AE6+(IF(AND(INDEX(TZ_DSTS,MATCH(V6,TZ_STN,0))<>"",AE6>=INDEX(TZ_DSTS,MATCH(V6,TZ_STN,0)),AE6<INDEX(TZ_DSTE,MATCH(V6,TZ_STN,0))),INDEX(TZ_DST,MATCH(V6,TZ_STN,0)),INDEX(TZ_STD,MATCH(V6,TZ_STN,0))))/24 -> 46304.41 | AJ6: =IFERROR(SUMIFS(Checks!$AJ$5:$AJ$748,Checks!$B$5:$B$748,$A6,Checks!$G$5:$G$748,"T-7D")/SUMIFS(Checks!$AI$5:$AI$748,Checks!$B$5:$B$748,$A6,Checks!$G$5:$G$748,"T-7D"),"n/a") -> 0 | AK6: =IFERROR(SUMIFS(Checks!$AJ$5:$AJ$748,Checks!$B$5:$B$748,$A6,Checks!$G$5:$G$748,"T-24H")/SUMIFS(Checks!$AI$5:$AI$748,Checks!$B$5:$B$748,$A6,Checks!$G$5:$G$748,"T-24H"),"n/a") -> 0 | AL6: =IFERROR(SUMIFS(Checks!$AJ$5:$AJ$748,Checks!$B$5:$B$748,$A6,Checks!$G$5:$G$748,"T-12H PREP")/SUMIFS(Checks!$AI$5:$AI$748,Checks!$B$5:$B$748,$A6,Checks!$G$5:$G$748,"T-12H PREP"),"n/a") -> 0 | AM6: =IFERROR(SUMIFS(Checks!$AJ$5:$AJ$748,Checks!$B$5:$B$748,$A6,Checks!$G$5:$G$748,"UPLIFT")/SUMIFS(Checks!$AI$5:$AI$748,Checks!$B$5:$B$748,$A6,Checks!$G$5:$G$748,"UPLIFT"),"n/a") -> 0 | AN6: =IFERROR(SUMIFS(Checks!$AJ$5:$AJ$748,Checks!$B$5:$B$748,$A6)/SUMIFS(Checks!$AI$5:$AI$748,Checks!$B$5:$B$748,$A6),"n/a") -> 0 | AO6: =AW6-AV6 -> 38 | AP6: =SUMIFS(Checks!$AK$5:$AK$748,Checks!$B$5:$B$748,$A6) -> 0 | AQ6: =SUMIFS(Checks!$AL$5:$AL$748,Checks!$B$5:$B$748,$A6) -> 0 | AR6: =Documents!P6 -> 2 | AS6: =SUMIFS(Checks!$AN$5:$AN$748,Checks!$B$5:$B$748,$A6,Checks!$H$5:$H$748,"Preparation")+IF(AND(TRIM(L6)="A350",ISNA(MATCH(UPPER(SUBSTITUTE(SUBSTITUTE(TRIM(N6),"-","")," ","")),{"9MMAB","9MMAC","9MMAD","9MMAE","9MMAF","9MMAG","9MMAH"},0))),1,0) -> 2 | AT6: =IF(AND(AW6>0,AO6=0,AQ6=0,AR6=0,AS6=0,AU6=0),"READY",IF(AP6>0,"NOT READY – OVERDUE",IF(AQ6>0,"NOT READY – DISCREPANCY",IF(AU6>0,"NOT READY – INVALID ENTRY",IF(AR6>0,"NOT READY – DOCUMENTS",IF(AS6>0,"NOT READY – CLARIFICATION",IF(AND(AV6>0,SUMIFS(Checks!$AJ$5:$AJ$748,Checks!$B$5:$B$748,$A6,Checks!$H$5:$H$748,"Preparation")=SUMIFS(Checks!$AI$5:$AI$748,Checks!$B$5:$B$748,$A6,Checks!$H$5:$H$748,"Preparation")),"PREP DONE – AWAITING UPLIFT",IF(AV6=0,"NOT STARTED","IN PROGRESS")))))))) -> NOT READY – DOCUMENTS | AU6: =SUMIFS(Checks!$AM$5:$AM$748,Checks!$B$5:$B$748,$A6) -> 0 | AV6: =SUMIFS(Checks!$AJ$5:$AJ$748,Checks!$B$5:$B$748,$A6) -> 0 | AW6: =SUMIFS(Checks!$AI$5:$AI$748,Checks!$B$5:$B$748,$A6) -> 38 | AX6: n/a | AY6: n/a | AZ6: n/a | BA6: =IFERROR(1/(1/_xlfn.MINIFS(Checks!$AG$5:$AG$748,Checks!$B$5:$B$748,$A6,Checks!$H$5:$H$748,"Physical uplift",Checks!$P$5:$P$748,$G6)),"") | BB6: =SUMIFS(Checks!$BG$5:$BG$748,Checks!$B$5:$B$748,$A6) -> 0
A7: F03 | B7: 1 | C7: 3 | D7: 46305 | E7: SAT | F7: MH0720 | G7: CGK | H7: KUL | I7: 46305.67 | J7: 46305.809 | K7: EY | L7: A333 | M7: A330-300 (A333) | O7: 11C | P7: - | R7: KUL/CGK/KUL | S7: ASEAN | T7: 1 Meal (Meal) | U7: KUL/CGK | V7: CGK | Z7: =IF(AND(INDEX(TZ_DSTS,MATCH(G7,TZ_STN,0))<>"",(I7-INDEX(TZ_STD,MATCH(G7,TZ_STN,0))/24)>=INDEX(TZ_DSTS,MATCH(G7,TZ_STN,0)),(I7-INDEX(TZ_STD,MATCH(G7,TZ_STN,0))/24)<INDEX(TZ_DSTE,MATCH(G7,TZ_STN,0))),INDEX(TZ_DST,MATCH(G7,TZ_STN,0)),INDEX(TZ_STD,MATCH(G7,TZ_STN,0))) -> 7 | AA7: =I7-Z7/24 -> 46305.378 | AB7: =(J7-(IF(AND(INDEX(TZ_DSTS,MATCH(H7,TZ_STN,0))<>"",(J7-INDEX(TZ_STD,MATCH(H7,TZ_STN,0))/24)>=INDEX(TZ_DSTS,MATCH(H7,TZ_STN,0)),(J7-INDEX(TZ_STD,MATCH(H7,TZ_STN,0))/24)<INDEX(TZ_DSTE,MATCH(H7,TZ_STN,0))),INDEX(TZ_DST,MATCH(H7,TZ_STN,0)),INDEX(TZ_STD,MATCH(H7,TZ_STN,0))))/24-AA7)*24 -> 2.3333333 | AC7: =AA7-7 -> 46298.378 | AD7: =AA7-1 -> 46304.378 | AE7: =AA7-0.5 -> 46304.878 | AF7: =AA7 -> 46305.378 | AG7: =AC7+(IF(AND(INDEX(TZ_DSTS,MATCH(V7,TZ_STN,0))<>"",AC7>=INDEX(TZ_DSTS,MATCH(V7,TZ_STN,0)),AC7<INDEX(TZ_DSTE,MATCH(V7,TZ_STN,0))),INDEX(TZ_DST,MATCH(V7,TZ_STN,0)),INDEX(TZ_STD,MATCH(V7,TZ_STN,0))))/24 -> 46298.67 | AH7: =AD7+(IF(AND(INDEX(TZ_DSTS,MATCH(V7,TZ_STN,0))<>"",AD7>=INDEX(TZ_DSTS,MATCH(V7,TZ_STN,0)),AD7<INDEX(TZ_DSTE,MATCH(V7,TZ_STN,0))),INDEX(TZ_DST,MATCH(V7,TZ_STN,0)),INDEX(TZ_STD,MATCH(V7,TZ_STN,0))))/24 -> 46304.67 | AI7: =AE7+(IF(AND(INDEX(TZ_DSTS,MATCH(V7,TZ_STN,0))<>"",AE7>=INDEX(TZ_DSTS,MATCH(V7,TZ_STN,0)),AE7<INDEX(TZ_DSTE,MATCH(V7,TZ_STN,0))),INDEX(TZ_DST,MATCH(V7,TZ_STN,0)),INDEX(TZ_STD,MATCH(V7,TZ_STN,0))))/24 -> 46305.17 | AJ7: =IFERROR(SUMIFS(Checks!$AJ$5:$AJ$748,Checks!$B$5:$B$748,$A7,Checks!$G$5:$G$748,"T-7D")/SUMIFS(Checks!$AI$5:$AI$748,Checks!$B$5:$B$748,$A7,Checks!$G$5:$G$748,"T-7D"),"n/a") -> 0 | AK7: =IFERROR(SUMIFS(Checks!$AJ$5:$AJ$748,Checks!$B$5:$B$748,$A7,Checks!$G$5:$G$748,"T-24H")/SUMIFS(Checks!$AI$5:$AI$748,Checks!$B$5:$B$748,$A7,Checks!$G$5:$G$748,"T-24H"),"n/a") -> 0 | AL7: =IFERROR(SUMIFS(Checks!$AJ$5:$AJ$748,Checks!$B$5:$B$748,$A7,Checks!$G$5:$G$748,"T-12H PREP")/SUMIFS(Checks!$AI$5:$AI$748,Checks!$B$5:$B$748,$A7,Checks!$G$5:$G$748,"T-12H PREP"),"n/a") -> 0 | AM7: =IFERROR(SUMIFS(Checks!$AJ$5:$AJ$748,Checks!$B$5:$B$748,$A7,Checks!$G$5:$G$748,"UPLIFT")/SUMIFS(Checks!$AI$5:$AI$748,Checks!$B$5:$B$748,$A7,Checks!$G$5:$G$748,"UPLIFT"),"n/a") -> 0 | AN7: =IFERROR(SUMIFS(Checks!$AJ$5:$AJ$748,Checks!$B$5:$B$748,$A7)/SUMIFS(Checks!$AI$5:$AI$748,Checks!$B$5:$B$748,$A7),"n/a") -> 0 | AO7: =AW7-AV7 -> 20 | AP7: =SUMIFS(Checks!$AK$5:$AK$748,Checks!$B$5:$B$748,$A7) -> 0 | AQ7: =SUMIFS(Checks!$AL$5:$AL$748,Checks!$B$5:$B$748,$A7) -> 0 | AR7: =Documents!P7 -> 2 | AS7: =SUMIFS(Checks!$AN$5:$AN$748,Checks!$B$5:$B$748,$A7,Checks!$H$5:$H$748,"Preparation")+IF(AND(TRIM(L7)="A350",ISNA(MATCH(UPPER(SUBSTITUTE(SUBSTITUTE(TRIM(N7),"-","")," ","")),{"9MMAB","9MMAC","9MMAD","9MMAE","9MMAF","9MMAG","9MMAH"},0))),1,0) -> 0 | AT7: =IF(AND(AW7>0,AO7=0,AQ7=0,AR7=0,AS7=0,AU7=0),"READY",IF(AP7>0,"NOT READY – OVERDUE",IF(AQ7>0,"NOT READY – DISCREPANCY",IF(AU7>0,"NOT READY – INVALID ENTRY",IF(AR7>0,"NOT READY – DOCUMENTS",IF(AS7>0,"NOT READY – CLARIFICATION",IF(AND(AV7>0,SUMIFS(Checks!$AJ$5:$AJ$748,Checks!$B$5:$B$748,$A7,Checks!$H$5:$H$748,"Preparation")=SUMIFS(Checks!$AI$5:$AI$748,Checks!$B$5:$B$748,$A7,Checks!$H$5:$H$748,"Preparation")),"PREP DONE – AWAITING UPLIFT",IF(AV7=0,"NOT STARTED","IN PROGRESS")))))))) -> NOT READY – DOCUMENTS | AU7: =SUMIFS(Checks!$AM$5:$AM$748,Checks!$B$5:$B$748,$A7) -> 0 | AV7: =SUMIFS(Checks!$AJ$5:$AJ$748,Checks!$B$5:$B$748,$A7) -> 0 | AW7: =SUMIFS(Checks!$AI$5:$AI$748,Checks!$B$5:$B$748,$A7) -> 20 | AX7: n/a | AY7: n/a | AZ7: n/a | BA7: =IFERROR(1/(1/_xlfn.MINIFS(Checks!$AG$5:$AG$748,Checks!$B$5:$B$748,$A7,Checks!$H$5:$H$748,"Physical uplift",Checks!$P$5:$P$748,$G7)),"") | BB7: =SUMIFS(Checks!$BG$5:$BG$748,Checks!$B$5:$B$748,$A7) -> 0
A8: F04 | B8: 1 | C8: 4 | D8: 46305 | E8: SAT | F8: MH0088 | G8: KUL | H8: NRT | I8: 46305.979 | J8: 46306.319 | K8: BC | L8: A350 | M8: A350-900: A359 (9M-MAB..MAG) or A350 (9M-MAH) - tail to confirm | O8: 1A | P8: 4H 05M | Q8: Overnight NRT | R8: KUL/NRT/KUL | S8: NORTH ASIA | T8: 1.5 Meal (Meal) | U8: KUL/NRT | V8: KUL | Z8: =IF(AND(INDEX(TZ_DSTS,MATCH(G8,TZ_STN,0))<>"",(I8-INDEX(TZ_STD,MATCH(G8,TZ_STN,0))/24)>=INDEX(TZ_DSTS,MATCH(G8,TZ_STN,0)),(I8-INDEX(TZ_STD,MATCH(G8,TZ_STN,0))/24)<INDEX(TZ_DSTE,MATCH(G8,TZ_STN,0))),INDEX(TZ_DST,MATCH(G8,TZ_STN,0)),INDEX(TZ_STD,MATCH(G8,TZ_STN,0))) -> 8 | AA8: =I8-Z8/24 -> 46305.646 | AB8: =(J8-(IF(AND(INDEX(TZ_DSTS,MATCH(H8,TZ_STN,0))<>"",(J8-INDEX(TZ_STD,MATCH(H8,TZ_STN,0))/24)>=INDEX(TZ_DSTS,MATCH(H8,TZ_STN,0)),(J8-INDEX(TZ_STD,MATCH(H8,TZ_STN,0))/24)<INDEX(TZ_DSTE,MATCH(H8,TZ_STN,0))),INDEX(TZ_DST,MATCH(H8,TZ_STN,0)),INDEX(TZ_STD,MATCH(H8,TZ_STN,0))))/24-AA8)*24 -> 7.1666667 | AC8: =AA8-7 -> 46298.646 | AD8: =AA8-1 -> 46304.646 | AE8: =AA8-0.5 -> 46305.146 | AF8: =AA8 -> 46305.646 | AG8: =AC8+(IF(AND(INDEX(TZ_DSTS,MATCH(V8,TZ_STN,0))<>"",AC8>=INDEX(TZ_DSTS,MATCH(V8,TZ_STN,0)),AC8<INDEX(TZ_DSTE,MATCH(V8,TZ_STN,0))),INDEX(TZ_DST,MATCH(V8,TZ_STN,0)),INDEX(TZ_STD,MATCH(V8,TZ_STN,0))))/24 -> 46298.979 | AH8: =AD8+(IF(AND(INDEX(TZ_DSTS,MATCH(V8,TZ_STN,0))<>"",AD8>=INDEX(TZ_DSTS,MATCH(V8,TZ_STN,0)),AD8<INDEX(TZ_DSTE,MATCH(V8,TZ_STN,0))),INDEX(TZ_DST,MATCH(V8,TZ_STN,0)),INDEX(TZ_STD,MATCH(V8,TZ_STN,0))))/24 -> 46304.979 | AI8: =AE8+(IF(AND(INDEX(TZ_DSTS,MATCH(V8,TZ_STN,0))<>"",AE8>=INDEX(TZ_DSTS,MATCH(V8,TZ_STN,0)),AE8<INDEX(TZ_DSTE,MATCH(V8,TZ_STN,0))),INDEX(TZ_DST,MATCH(V8,TZ_STN,0)),INDEX(TZ_STD,MATCH(V8,TZ_STN,0))))/24 -> 46305.479 | AJ8: =IFERROR(SUMIFS(Checks!$AJ$5:$AJ$748,Checks!$B$5:$B$748,$A8,Checks!$G$5:$G$748,"T-7D")/SUMIFS(Checks!$AI$5:$AI$748,Checks!$B$5:$B$748,$A8,Checks!$G$5:$G$748,"T-7D"),"n/a") -> 0 | AK8: =IFERROR(SUMIFS(Checks!$AJ$5:$AJ$748,Checks!$B$5:$B$748,$A8,Checks!$G$5:$G$748,"T-24H")/SUMIFS(Checks!$AI$5:$AI$748,Checks!$B$5:$B$748,$A8,Checks!$G$5:$G$748,"T-24H"),"n/a") -> 0 | AL8: =IFERROR(SUMIFS(Checks!$AJ$5:$AJ$748,Checks!$B$5:$B$748,$A8,Checks!$G$5:$G$748,"T-12H PREP")/SUMIFS(Checks!$AI$5:$AI$748,Checks!$B$5:$B$748,$A8,Checks!$G$5:$G$748,"T-12H PREP"),"n/a") -> 0 | AM8: =IFERROR(SUMIFS(Checks!$AJ$5:$AJ$748,Checks!$B$5:$B$748,$A8,Checks!$G$5:$G$748,"UPLIFT")/SUMIFS(Checks!$AI$5:$AI$748,Checks!$B$5:$B$748,$A8,Checks!$G$5:$G$748,"UPLIFT"),"n/a") -> 0 | AN8: =IFERROR(SUMIFS(Checks!$AJ$5:$AJ$748,Checks!$B$5:$B$748,$A8)/SUMIFS(Checks!$AI$5:$AI$748,Checks!$B$5:$B$748,$A8),"n/a") -> 0 | AO8: =AW8-AV8 -> 46 | AP8: =SUMIFS(Checks!$AK$5:$AK$748,Checks!$B$5:$B$748,$A8) -> 0 | AQ8: =SUMIFS(Checks!$AL$5:$AL$748,Checks!$B$5:$B$748,$A8) -> 0 | AR8: =Documents!P8 -> 2 | AS8: =SUMIFS(Checks!$AN$5:$AN$748,Checks!$B$5:$B$748,$A8,Checks!$H$5:$H$748,"Preparation")+IF(AND(TRIM(L8)="A350",ISNA(MATCH(UPPER(SUBSTITUTE(SUBSTITUTE(TRIM(N8),"-","")," ","")),{"9MMAB","9MMAC","9MMAD","9MMAE","9MMAF","9MMAG","9MMAH"},0))),1,0) -> 1 | AT8: =IF(AND(AW8>0,AO8=0,AQ8=0,AR8=0,AS8=0,AU8=0),"READY",IF(AP8>0,"NOT READY – OVERDUE",IF(AQ8>0,"NOT READY – DISCREPANCY",IF(AU8>0,"NOT READY – INVALID ENTRY",IF(AR8>0,"NOT READY – DOCUMENTS",IF(AS8>0,"NOT READY – CLARIFICATION",IF(AND(AV8>0,SUMIFS(Checks!$AJ$5:$AJ$748,Checks!$B$5:$B$748,$A8,Checks!$H$5:$H$748,"Preparation")=SUMIFS(Checks!$AI$5:$AI$748,Checks!$B$5:$B$748,$A8,Checks!$H$5:$H$748,"Preparation")),"PREP DONE – AWAITING UPLIFT",IF(AV8=0,"NOT STARTED","IN PROGRESS")))))))) -> NOT READY – DOCUMENTS | AU8: =SUMIFS(Checks!$AM$5:$AM$748,Checks!$B$5:$B$748,$A8) -> 0 | AV8: =SUMIFS(Checks!$AJ$5:$AJ$748,Checks!$B$5:$B$748,$A8) -> 0 | AW8: =SUMIFS(Checks!$AI$5:$AI$748,Checks!$B$5:$B$748,$A8) -> 46 | AX8: n/a | AY8: n/a | AZ8: n/a | BA8: =IFERROR(1/(1/_xlfn.MINIFS(Checks!$AG$5:$AG$748,Checks!$B$5:$B$748,$A8,Checks!$H$5:$H$748,"Physical uplift",Checks!$P$5:$P$748,$G8)),"") | BB8: =SUMIFS(Checks!$BG$5:$BG$748,Checks!$B$5:$B$748,$A8) -> 0
A9: F05 | B9: 1 | C9: 5 | D9: 46310 | E9: THU | F9: MH0089 | G9: NRT | H9: KUL | I9: 46310.42 | J9: 46310.698 | K9: EY | L9: A350 | M9: A350-900: A359 (9M-MAB..MAG) or A350 (9M-MAH) - tail to confirm | O9: 9K | P9: - | R9: KUL/NRT/KUL | S9: NORTH ASIA | T9: 1.5 Meal (Meal) | U9: KUL/NRT | V9: NRT | Z9: =IF(AND(INDEX(TZ_DSTS,MATCH(G9,TZ_STN,0))<>"",(I9-INDEX(TZ_STD,MATCH(G9,TZ_STN,0))/24)>=INDEX(TZ_DSTS,MATCH(G9,TZ_STN,0)),(I9-INDEX(TZ_STD,MATCH(G9,TZ_STN,0))/24)<INDEX(TZ_DSTE,MATCH(G9,TZ_STN,0))),INDEX(TZ_DST,MATCH(G9,TZ_STN,0)),INDEX(TZ_STD,MATCH(G9,TZ_STN,0))) -> 9 | AA9: =I9-Z9/24 -> 46310.045 | AB9: =(J9-(IF(AND(INDEX(TZ_DSTS,MATCH(H9,TZ_STN,0))<>"",(J9-INDEX(TZ_STD,MATCH(H9,TZ_STN,0))/24)>=INDEX(TZ_DSTS,MATCH(H9,TZ_STN,0)),(J9-INDEX(TZ_STD,MATCH(H9,TZ_STN,0))/24)<INDEX(TZ_DSTE,MATCH(H9,TZ_STN,0))),INDEX(TZ_DST,MATCH(H9,TZ_STN,0)),INDEX(TZ_STD,MATCH(H9,TZ_STN,0))))/24-AA9)*24 -> 7.6666667 | AC9: =AA9-7 -> 46303.045 | AD9: =AA9-1 -> 46309.045 | AE9: =AA9-0.5 -> 46309.545 | AF9: =AA9 -> 46310.045 | AG9: =AC9+(IF(AND(INDEX(TZ_DSTS,MATCH(V9,TZ_STN,0))<>"",AC9>=INDEX(TZ_DSTS,MATCH(V9,TZ_STN,0)),AC9<INDEX(TZ_DSTE,MATCH(V9,TZ_STN,0))),INDEX(TZ_DST,MATCH(V9,TZ_STN,0)),INDEX(TZ_STD,MATCH(V9,TZ_STN,0))))/24 -> 46303.42 | AH9: =AD9+(IF(AND(INDEX(TZ_DSTS,MATCH(V9,TZ_STN,0))<>"",AD9>=INDEX(TZ_DSTS,MATCH(V9,TZ_STN,0)),AD9<INDEX(TZ_DSTE,MATCH(V9,TZ_STN,0))),INDEX(TZ_DST,MATCH(V9,TZ_STN,0)),INDEX(TZ_STD,MATCH(V9,TZ_STN,0))))/24 -> 46309.42 | AI9: =AE9+(IF(AND(INDEX(TZ_DSTS,MATCH(V9,TZ_STN,0))<>"",AE9>=INDEX(TZ_DSTS,MATCH(V9,TZ_STN,0)),AE9<INDEX(TZ_DSTE,MATCH(V9,TZ_STN,0))),INDEX(TZ_DST,MATCH(V9,TZ_STN,0)),INDEX(TZ_STD,MATCH(V9,TZ_STN,0))))/24 -> 46309.92 | AJ9: =IFERROR(SUMIFS(Checks!$AJ$5:$AJ$748,Checks!$B$5:$B$748,$A9,Checks!$G$5:$G$748,"T-7D")/SUMIFS(Checks!$AI$5:$AI$748,Checks!$B$5:$B$748,$A9,Checks!$G$5:$G$748,"T-7D"),"n/a") -> 0 | AK9: =IFERROR(SUMIFS(Checks!$AJ$5:$AJ$748,Checks!$B$5:$B$748,$A9,Checks!$G$5:$G$748,"T-24H")/SUMIFS(Checks!$AI$5:$AI$748,Checks!$B$5:$B$748,$A9,Checks!$G$5:$G$748,"T-24H"),"n/a") -> 0 | AL9: =IFERROR(SUMIFS(Checks!$AJ$5:$AJ$748,Checks!$B$5:$B$748,$A9,Checks!$G$5:$G$748,"T-12H PREP")/SUMIFS(Checks!$AI$5:$AI$748,Checks!$B$5:$B$748,$A9,Checks!$G$5:$G$748,"T-12H PREP"),"n/a") -> 0 | AM9: =IFERROR(SUMIFS(Checks!$AJ$5:$AJ$748,Checks!$B$5:$B$748,$A9,Checks!$G$5:$G$748,"UPLIFT")/SUMIFS(Checks!$AI$5:$AI$748,Checks!$B$5:$B$748,$A9,Checks!$G$5:$G$748,"UPLIFT"),"n/a") -> 0 | AN9: =IFERROR(SUMIFS(Checks!$AJ$5:$AJ$748,Checks!$B$5:$B$748,$A9)/SUMIFS(Checks!$AI$5:$AI$748,Checks!$B$5:$B$748,$A9),"n/a") -> 0 | AO9: =AW9-AV9 -> 28 | AP9: =SUMIFS(Checks!$AK$5:$AK$748,Checks!$B$5:$B$748,$A9) -> 0 | AQ9: =SUMIFS(Checks!$AL$5:$AL$748,Checks!$B$5:$B$748,$A9) -> 0 | AR9: =Documents!P9 -> 2 | AS9: =SUMIFS(Checks!$AN$5:$AN$748,Checks!$B$5:$B$748,$A9,Checks!$H$5:$H$748,"Preparation")+IF(AND(TRIM(L9)="A350",ISNA(MATCH(UPPER(SUBSTITUTE(SUBSTITUTE(TRIM(N9),"-","")," ","")),{"9MMAB","9MMAC","9MMAD","9MMAE","9MMAF","9MMAG","9MMAH"},0))),1,0) -> 4 | AT9: =IF(AND(AW9>0,AO9=0,AQ9=0,AR9=0,AS9=0,AU9=0),"READY",IF(AP9>0,"NOT READY – OVERDUE",IF(AQ9>0,"NOT READY – DISCREPANCY",IF(AU9>0,"NOT READY – INVALID ENTRY",IF(AR9>0,"NOT READY – DOCUMENTS",IF(AS9>0,"NOT READY – CLARIFICATION",IF(AND(AV9>0,SUMIFS(Checks!$AJ$5:$AJ$748,Checks!$B$5:$B$748,$A9,Checks!$H$5:$H$748,"Preparation")=SUMIFS(Checks!$AI$5:$AI$748,Checks!$B$5:$B$748,$A9,Checks!$H$5:$H$748,"Preparation")),"PREP DONE – AWAITING UPLIFT",IF(AV9=0,"NOT STARTED","IN PROGRESS")))))))) -> NOT READY – DOCUMENTS | AU9: =SUMIFS(Checks!$AM$5:$AM$748,Checks!$B$5:$B$748,$A9) -> 0 | AV9: =SUMIFS(Checks!$AJ$5:$AJ$748,Checks!$B$5:$B$748,$A9) -> 0 | AW9: =SUMIFS(Checks!$AI$5:$AI$748,Checks!$B$5:$B$748,$A9) -> 28 | AY9: =ROUND((IF(ISNUMBER(AX9),AX9,AA9-MIN($AB$8)/24)-UpliftWindowH/24)*1440,0)/1440 -> 46309.497 | AZ9: =ROUND((AY9+UpliftWindowH/24+MIN($AB$8)/24)*1440,0)/1440 -> 46310.045 | BA9: =IFERROR(1/(1/_xlfn.MINIFS(Checks!$AG$5:$AG$748,Checks!$B$5:$B$748,$A9,Checks!$H$5:$H$748,"Physical uplift",Checks!$P$5:$P$748,$G9)),"") | BB9: =SUMIFS(Checks!$BG$5:$BG$748,Checks!$B$5:$B$748,$A9) -> 0
A10: F06 | B10: 1 | C10: 6 | D10: 46310 | E10: THU | F10: MH0002 | G10: KUL | H10: LHR | I10: 46310.972 | J10: 46311.247 | K10: BC | L10: A350 | M10: A350-900: A359 (9M-MAB..MAG) or A350 (9M-MAH) - tail to confirm | O10: 2K | P10: 6H 35M | R10: KUL/LHR/KUL | S10: EUR | T10: 2.5 Meal (Meal) | U10: KUL/LHR | V10: KUL | Z10: =IF(AND(INDEX(TZ_DSTS,MATCH(G10,TZ_STN,0))<>"",(I10-INDEX(TZ_STD,MATCH(G10,TZ_STN,0))/24)>=INDEX(TZ_DSTS,MATCH(G10,TZ_STN,0)),(I10-INDEX(TZ_STD,MATCH(G10,TZ_STN,0))/24)<INDEX(TZ_DSTE,MATCH(G10,TZ_STN,0))),INDEX(TZ_DST,MATCH(G10,TZ_STN,0)),INDEX(TZ_STD,MATCH(G10,TZ_STN,0))) -> 8 | AA10: =I10-Z10/24 -> 46310.639 | AB10: =(J10-(IF(AND(INDEX(TZ_DSTS,MATCH(H10,TZ_STN,0))<>"",(J10-INDEX(TZ_STD,MATCH(H10,TZ_STN,0))/24)>=INDEX(TZ_DSTS,MATCH(H10,TZ_STN,0)),(J10-INDEX(TZ_STD,MATCH(H10,TZ_STN,0))/24)<INDEX(TZ_DSTE,MATCH(H10,TZ_STN,0))),INDEX(TZ_DST,MATCH(H10,TZ_STN,0)),INDEX(TZ_STD,MATCH(H10,TZ_STN,0))))/24-AA10)*24 -> 13.583333 | AC10: =AA10-7 -> 46303.639 | AD10: =AA10-1 -> 46309.639 | AE10: =AA10-0.5 -> 46310.139 | AF10: =AA10 -> 46310.639 | AG10: =AC10+(IF(AND(INDEX(TZ_DSTS,MATCH(V10,TZ_STN,0))<>"",AC10>=INDEX(TZ_DSTS,MATCH(V10,TZ_STN,0)),AC10<INDEX(TZ_DSTE,MATCH(V10,TZ_STN,0))),INDEX(TZ_DST,MATCH(V10,TZ_STN,0)),INDEX(TZ_STD,MATCH(V10,TZ_STN,0))))/24 -> 46303.972 | AH10: =AD10+(IF(AND(INDEX(TZ_DSTS,MATCH(V10,TZ_STN,0))<>"",AD10>=INDEX(TZ_DSTS,MATCH(V10,TZ_STN,0)),AD10<INDEX(TZ_DSTE,MATCH(V10,TZ_STN,0))),INDEX(TZ_DST,MATCH(V10,TZ_STN,0)),INDEX(TZ_STD,MATCH(V10,TZ_STN,0))))/24 -> 46309.972 | AI10: =AE10+(IF(AND(INDEX(TZ_DSTS,MATCH(V10,TZ_STN,0))<>"",AE10>=INDEX(TZ_DSTS,MATCH(V10,TZ_STN,0)),AE10<INDEX(TZ_DSTE,MATCH(V10,TZ_STN,0))),INDEX(TZ_DST,MATCH(V10,TZ_STN,0)),INDEX(TZ_STD,MATCH(V10,TZ_STN,0))))/24 -> 46310.472 | AJ10: =IFERROR(SUMIFS(Checks!$AJ$5:$AJ$748,Checks!$B$5:$B$748,$A10,Checks!$G$5:$G$748,"T-7D")/SUMIFS(Checks!$AI$5:$AI$748,Checks!$B$5:$B$748,$A10,Checks!$G$5:$G$748,"T-7D"),"n/a") -> 0 | AK10: =IFERROR(SUMIFS(Checks!$AJ$5:$AJ$748,Checks!$B$5:$B$748,$A10,Checks!$G$5:$G$748,"T-24H")/SUMIFS(Checks!$AI$5:$AI$748,Checks!$B$5:$B$748,$A10,Checks!$G$5:$G$748,"T-24H"),"n/a") -> 0 | AL10: =IFERROR(SUMIFS(Checks!$AJ$5:$AJ$748,Checks!$B$5:$B$748,$A10,Checks!$G$5:$G$748,"T-12H PREP")/SUMIFS(Checks!$AI$5:$AI$748,Checks!$B$5:$B$748,$A10,Checks!$G$5:$G$748,"T-12H PREP"),"n/a") -> 0 | AM10: =IFERROR(SUMIFS(Checks!$AJ$5:$AJ$748,Checks!$B$5:$B$748,$A10,Checks!$G$5:$G$748,"UPLIFT")/SUMIFS(Checks!$AI$5:$AI$748,Checks!$B$5:$B$748,$A10,Checks!$G$5:$G$748,"UPLIFT"),"n/a") -> 0 | AN10: =IFERROR(SUMIFS(Checks!$AJ$5:$AJ$748,Checks!$B$5:$B$748,$A10)/SUMIFS(Checks!$AI$5:$AI$748,Checks!$B$5:$B$748,$A10),"n/a") -> 0 | AO10: =AW10-AV10 -> 46 | AP10: =SUMIFS(Checks!$AK$5:$AK$748,Checks!$B$5:$B$748,$A10) -> 0 | AQ10: =SUMIFS(Checks!$AL$5:$AL$748,Checks!$B$5:$B$748,$A10) -> 0 | AR10: =Documents!P10 -> 2 | AS10: =SUMIFS(Checks!$AN$5:$AN$748,Checks!$B$5:$B$748,$A10,Checks!$H$5:$H$748,"Preparation")+IF(AND(TRIM(L10)="A350",ISNA(MATCH(UPPER(SUBSTITUTE(SUBSTITUTE(TRIM(N10),"-","")," ","")),{"9MMAB","9MMAC","9MMAD","9MMAE","9MMAF","9MMAG","9MMAH"},0))),1,0) -> 2 | AT10: =IF(AND(AW10>0,AO10=0,AQ10=0,AR10=0,AS10=0,AU10=0),"READY",IF(AP10>0,"NOT READY – OVERDUE",IF(AQ10>0,"NOT READY – DISCREPANCY",IF(AU10>0,"NOT READY – INVALID ENTRY",IF(AR10>0,"NOT READY – DOCUMENTS",IF(AS10>0,"NOT READY – CLARIFICATION",IF(AND(AV10>0,SUMIFS(Checks!$AJ$5:$AJ$748,Checks!$B$5:$B$748,$A10,Checks!$H$5:$H$748,"Preparation")=SUMIFS(Checks!$AI$5:$AI$748,Checks!$B$5:$B$748,$A10,Checks!$H$5:$H$748,"Preparation")),"PREP DONE – AWAITING UPLIFT",IF(AV10=0,"NOT STARTED","IN PROGRESS")))))))) -> NOT READY – DOCUMENTS | AU10: =SUMIFS(Checks!$AM$5:$AM$748,Checks!$B$5:$B$748,$A10) -> 0 | AV10: =SUMIFS(Checks!$AJ$5:$AJ$748,Checks!$B$5:$B$748,$A10) -> 0 | AW10: =SUMIFS(Checks!$AI$5:$AI$748,Checks!$B$5:$B$748,$A10) -> 46 | AX10: n/a | AY10: n/a | AZ10: n/a | BA10: =IFERROR(1/(1/_xlfn.MINIFS(Checks!$AG$5:$AG$748,Checks!$B$5:$B$748,$A10,Checks!$H$5:$H$748,"Physical uplift",Checks!$P$5:$P$748,$G10)),"") | BB10: =SUMIFS(Checks!$BG$5:$BG$748,Checks!$B$5:$B$748,$A10) -> 0
A11: F07 | B11: 2 | C11: 7 | D11: 46304 | E11: FRI | F11: MH0003 | G11: LHR | H11: KUL | I11: 46304.458 | J11: 46305.281 | K11: BC | L11: A350 | M11: A350-900: A359 (9M-MAB..MAG) or A350 (9M-MAH) - tail to confirm | O11: 2A | P11: - | R11: KUL/LHR/KUL | S11: EUR | T11: 2.5 Meal (Meal) | U11: KUL/LHR | V11: LHR | Z11: =IF(AND(INDEX(TZ_DSTS,MATCH(G11,TZ_STN,0))<>"",(I11-INDEX(TZ_STD,MATCH(G11,TZ_STN,0))/24)>=INDEX(TZ_DSTS,MATCH(G11,TZ_STN,0)),(I11-INDEX(TZ_STD,MATCH(G11,TZ_STN,0))/24)<INDEX(TZ_DSTE,MATCH(G11,TZ_STN,0))),INDEX(TZ_DST,MATCH(G11,TZ_STN,0)),INDEX(TZ_STD,MATCH(G11,TZ_STN,0))) -> 1 | AA11: =I11-Z11/24 -> 46304.417 | AB11: =(J11-(IF(AND(INDEX(TZ_DSTS,MATCH(H11,TZ_STN,0))<>"",(J11-INDEX(TZ_STD,MATCH(H11,TZ_STN,0))/24)>=INDEX(TZ_DSTS,MATCH(H11,TZ_STN,0)),(J11-INDEX(TZ_STD,MATCH(H11,TZ_STN,0))/24)<INDEX(TZ_DSTE,MATCH(H11,TZ_STN,0))),INDEX(TZ_DST,MATCH(H11,TZ_STN,0)),INDEX(TZ_STD,MATCH(H11,TZ_STN,0))))/24-AA11)*24 -> 12.75 | AC11: =AA11-7 -> 46297.417 | AD11: =AA11-1 -> 46303.417 | AE11: =AA11-0.5 -> 46303.917 | AF11: =AA11 -> 46304.417 | AG11: =AC11+(IF(AND(INDEX(TZ_DSTS,MATCH(V11,TZ_STN,0))<>"",AC11>=INDEX(TZ_DSTS,MATCH(V11,TZ_STN,0)),AC11<INDEX(TZ_DSTE,MATCH(V11,TZ_STN,0))),INDEX(TZ_DST,MATCH(V11,TZ_STN,0)),INDEX(TZ_STD,MATCH(V11,TZ_STN,0))))/24 -> 46297.458 | AH11: =AD11+(IF(AND(INDEX(TZ_DSTS,MATCH(V11,TZ_STN,0))<>"",AD11>=INDEX(TZ_DSTS,MATCH(V11,TZ_STN,0)),AD11<INDEX(TZ_DSTE,MATCH(V11,TZ_STN,0))),INDEX(TZ_DST,MATCH(V11,TZ_STN,0)),INDEX(TZ_STD,MATCH(V11,TZ_STN,0))))/24 -> 46303.458 | AI11: =AE11+(IF(AND(INDEX(TZ_DSTS,MATCH(V11,TZ_STN,0))<>"",AE11>=INDEX(TZ_DSTS,MATCH(V11,TZ_STN,0)),AE11<INDEX(TZ_DSTE,MATCH(V11,TZ_STN,0))),INDEX(TZ_DST,MATCH(V11,TZ_STN,0)),INDEX(TZ_STD,MATCH(V11,TZ_STN,0))))/24 -> 46303.958 | AJ11: =IFERROR(SUMIFS(Checks!$AJ$5:$AJ$748,Checks!$B$5:$B$748,$A11,Checks!$G$5:$G$748,"T-7D")/SUMIFS(Checks!$AI$5:$AI$748,Checks!$B$5:$B$748,$A11,Checks!$G$5:$G$748,"T-7D"),"n/a") -> 0 | AK11: =IFERROR(SUMIFS(Checks!$AJ$5:$AJ$748,Checks!$B$5:$B$748,$A11,Checks!$G$5:$G$748,"T-24H")/SUMIFS(Checks!$AI$5:$AI$748,Checks!$B$5:$B$748,$A11,Checks!$G$5:$G$748,"T-24H"),"n/a") -> 0 | AL11: =IFERROR(SUMIFS(Checks!$AJ$5:$AJ$748,Checks!$B$5:$B$748,$A11,Checks!$G$5:$G$748,"T-12H PREP")/SUMIFS(Checks!$AI$5:$AI$748,Checks!$B$5:$B$748,$A11,Checks!$G$5:$G$748,"T-12H PREP"),"n/a") -> 0 | AM11: =IFERROR(SUMIFS(Checks!$AJ$5:$AJ$748,Checks!$B$5:$B$748,$A11,Checks!$G$5:$G$748,"UPLIFT")/SUMIFS(Checks!$AI$5:$AI$748,Checks!$B$5:$B$748,$A11,Checks!$G$5:$G$748,"UPLIFT"),"n/a") -> 0 | AN11: =IFERROR(SUMIFS(Checks!$AJ$5:$AJ$748,Checks!$B$5:$B$748,$A11)/SUMIFS(Checks!$AI$5:$AI$748,Checks!$B$5:$B$748,$A11),"n/a") -> 0 | AO11: =AW11-AV11 -> 48 | AP11: =SUMIFS(Checks!$AK$5:$AK$748,Checks!$B$5:$B$748,$A11) -> 0 | AQ11: =SUMIFS(Checks!$AL$5:$AL$748,Checks!$B$5:$B$748,$A11) -> 0 | AR11: =Documents!P11 -> 2 | AS11: =SUMIFS(Checks!$AN$5:$AN$748,Checks!$B$5:$B$748,$A11,Checks!$H$5:$H$748,"Preparation")+IF(AND(TRIM(L11)="A350",ISNA(MATCH(UPPER(SUBSTITUTE(SUBSTITUTE(TRIM(N11),"-","")," ","")),{"9MMAB","9MMAC","9MMAD","9MMAE","9MMAF","9MMAG","9MMAH"},0))),1,0) -> 3 | AT11: =IF(AND(AW11>0,AO11=0,AQ11=0,AR11=0,AS11=0,AU11=0),"READY",IF(AP11>0,"NOT READY – OVERDUE",IF(AQ11>0,"NOT READY – DISCREPANCY",IF(AU11>0,"NOT READY – INVALID ENTRY",IF(AR11>0,"NOT READY – DOCUMENTS",IF(AS11>0,"NOT READY – CLARIFICATION",IF(AND(AV11>0,SUMIFS(Checks!$AJ$5:$AJ$748,Checks!$B$5:$B$748,$A11,Checks!$H$5:$H$748,"Preparation")=SUMIFS(Checks!$AI$5:$AI$748,Checks!$B$5:$B$748,$A11,Checks!$H$5:$H$748,"Preparation")),"PREP DONE – AWAITING UPLIFT",IF(AV11=0,"NOT STARTED","IN PROGRESS")))))))) -> NOT READY – DOCUMENTS | AU11: =SUMIFS(Checks!$AM$5:$AM$748,Checks!$B$5:$B$748,$A11) -> 0 | AV11: =SUMIFS(Checks!$AJ$5:$AJ$748,Checks!$B$5:$B$748,$A11) -> 0 | AW11: =SUMIFS(Checks!$AI$5:$AI$748,Checks!$B$5:$B$748,$A11) -> 48 | AY11: =ROUND((IF(ISNUMBER(AX11),AX11,AA11-MIN($AB$10,$AB$18,$AB$26)/24)-UpliftWindowH/24)*1440,0)/1440 -> 46303.601 | AZ11: =ROUND((AY11+UpliftWindowH/24+MIN($AB$10,$AB$18,$AB$26)/24)*1440,0)/1440 -> 46304.417 | BA11: =IFERROR(1/(1/_xlfn.MINIFS(Checks!$AG$5:$AG$748,Checks!$B$5:$B$748,$A11,Checks!$H$5:$H$748,"Physical uplift",Checks!$P$5:$P$748,$G11)),"") | BB11: =SUMIFS(Checks!$BG$5:$BG$748,Checks!$B$5:$B$748,$A11) -> 0
A12: F08 | B12: 2 | C12: 8 | D12: 46305 | E12: SAT | F12: MH0752 | G12: KUL | H12: HAN | I12: 46305.399 | J12: 46305.51 | K12: EY | L12: B738MAX | M12: B737-8 (B7M8) | O12: 4A | P12: 2H 50M | Q12: Overnight HAN | R12: KUL/HAN/KUL | S12: ASEAN | T12: 1 Meal (Meal) | U12: KUL/HAN | V12: KUL | Z12: =IF(AND(INDEX(TZ_DSTS,MATCH(G12,TZ_STN,0))<>"",(I12-INDEX(TZ_STD,MATCH(G12,TZ_STN,0))/24)>=INDEX(TZ_DSTS,MATCH(G12,TZ_STN,0)),(I12-INDEX(TZ_STD,MATCH(G12,TZ_STN,0))/24)<INDEX(TZ_DSTE,MATCH(G12,TZ_STN,0))),INDEX(TZ_DST,MATCH(G12,TZ_STN,0)),INDEX(TZ_STD,MATCH(G12,TZ_STN,0))) -> 8 | AA12: =I12-Z12/24 -> 46305.066 | AB12: =(J12-(IF(AND(INDEX(TZ_DSTS,MATCH(H12,TZ_STN,0))<>"",(J12-INDEX(TZ_STD,MATCH(H12,TZ_STN,0))/24)>=INDEX(TZ_DSTS,MATCH(H12,TZ_STN,0)),(J12-INDEX(TZ_STD,MATCH(H12,TZ_STN,0))/24)<INDEX(TZ_DSTE,MATCH(H12,TZ_STN,0))),INDEX(TZ_DST,MATCH(H12,TZ_STN,0)),INDEX(TZ_STD,MATCH(H12,TZ_STN,0))))/24-AA12)*24 -> 3.6666667 | AC12: =AA12-7 -> 46298.066 | AD12: =AA12-1 -> 46304.066 | AE12: =AA12-0.5 -> 46304.566 | AF12: =AA12 -> 46305.066 | AG12: =AC12+(IF(AND(INDEX(TZ_DSTS,MATCH(V12,TZ_STN,0))<>"",AC12>=INDEX(TZ_DSTS,MATCH(V12,TZ_STN,0)),AC12<INDEX(TZ_DSTE,MATCH(V12,TZ_STN,0))),INDEX(TZ_DST,MATCH(V12,TZ_STN,0)),INDEX(TZ_STD,MATCH(V12,TZ_STN,0))))/24 -> 46298.399 | AH12: =AD12+(IF(AND(INDEX(TZ_DSTS,MATCH(V12,TZ_STN,0))<>"",AD12>=INDEX(TZ_DSTS,MATCH(V12,TZ_STN,0)),AD12<INDEX(TZ_DSTE,MATCH(V12,TZ_STN,0))),INDEX(TZ_DST,MATCH(V12,TZ_STN,0)),INDEX(TZ_STD,MATCH(V12,TZ_STN,0))))/24 -> 46304.399 | AI12: =AE12+(IF(AND(INDEX(TZ_DSTS,MATCH(V12,TZ_STN,0))<>"",AE12>=INDEX(TZ_DSTS,MATCH(V12,TZ_STN,0)),AE12<INDEX(TZ_DSTE,MATCH(V12,TZ_STN,0))),INDEX(TZ_DST,MATCH(V12,TZ_STN,0)),INDEX(TZ_STD,MATCH(V12,TZ_STN,0))))/24 -> 46304.899 | AJ12: =IFERROR(SUMIFS(Checks!$AJ$5:$AJ$748,Checks!$B$5:$B$748,$A12,Checks!$G$5:$G$748,"T-7D")/SUMIFS(Checks!$AI$5:$AI$748,Checks!$B$5:$B$748,$A12,Checks!$G$5:$G$748,"T-7D"),"n/a") -> 0 | AK12: =IFERROR(SUMIFS(Checks!$AJ$5:$AJ$748,Checks!$B$5:$B$748,$A12,Checks!$G$5:$G$748,"T-24H")/SUMIFS(Checks!$AI$5:$AI$748,Checks!$B$5:$B$748,$A12,Checks!$G$5:$G$748,"T-24H"),"n/a") -> 0 | AL12: =IFERROR(SUMIFS(Checks!$AJ$5:$AJ$748,Checks!$B$5:$B$748,$A12,Checks!$G$5:$G$748,"T-12H PREP")/SUMIFS(Checks!$AI$5:$AI$748,Checks!$B$5:$B$748,$A12,Checks!$G$5:$G$748,"T-12H PREP"),"n/a") -> 0 | AM12: =IFERROR(SUMIFS(Checks!$AJ$5:$AJ$748,Checks!$B$5:$B$748,$A12,Checks!$G$5:$G$748,"UPLIFT")/SUMIFS(Checks!$AI$5:$AI$748,Checks!$B$5:$B$748,$A12,Checks!$G$5:$G$748,"UPLIFT"),"n/a") -> 0 | AN12: =IFERROR(SUMIFS(Checks!$AJ$5:$AJ$748,Checks!$B$5:$B$748,$A12)/SUMIFS(Checks!$AI$5:$AI$748,Checks!$B$5:$B$748,$A12),"n/a") -> 0 | AO12: =AW12-AV12 -> 20 | AP12: =SUMIFS(Checks!$AK$5:$AK$748,Checks!$B$5:$B$748,$A12) -> 0 | AQ12: =SUMIFS(Checks!$AL$5:$AL$748,Checks!$B$5:$B$748,$A12) -> 0 | AR12: =Documents!P12 -> 2 | AS12: =SUMIFS(Checks!$AN$5:$AN$748,Checks!$B$5:$B$748,$A12,Checks!$H$5:$H$748,"Preparation")+IF(AND(TRIM(L12)="A350",ISNA(MATCH(UPPER(SUBSTITUTE(SUBSTITUTE(TRIM(N12),"-","")," ","")),{"9MMAB","9MMAC","9MMAD","9MMAE","9MMAF","9MMAG","9MMAH"},0))),1,0) -> 0 | AT12: =IF(AND(AW12>0,AO12=0,AQ12=0,AR12=0,AS12=0,AU12=0),"READY",IF(AP12>0,"NOT READY – OVERDUE",IF(AQ12>0,"NOT READY – DISCREPANCY",IF(AU12>0,"NOT READY – INVALID ENTRY",IF(AR12>0,"NOT READY – DOCUMENTS",IF(AS12>0,"NOT READY – CLARIFICATION",IF(AND(AV12>0,SUMIFS(Checks!$AJ$5:$AJ$748,Checks!$B$5:$B$748,$A12,Checks!$H$5:$H$748,"Preparation")=SUMIFS(Checks!$AI$5:$AI$748,Checks!$B$5:$B$748,$A12,Checks!$H$5:$H$748,"Preparation")),"PREP DONE – AWAITING UPLIFT",IF(AV12=0,"NOT STARTED","IN PROGRESS")))))))) -> NOT READY – DOCUMENTS | AU12: =SUMIFS(Checks!$AM$5:$AM$748,Checks!$B$5:$B$748,$A12) -> 0 | AV12: =SUMIFS(Checks!$AJ$5:$AJ$748,Checks!$B$5:$B$748,$A12) -> 0 | AW12: =SUMIFS(Checks!$AI$5:$AI$748,Checks!$B$5:$B$748,$A12) -> 20 | AX12: n/a | AY12: n/a | AZ12: n/a | BA12: =IFERROR(1/(1/_xlfn.MINIFS(Checks!$AG$5:$AG$748,Checks!$B$5:$B$748,$A12,Checks!$H$5:$H$748,"Physical uplift",Checks!$P$5:$P$748,$G12)),"") | BB12: =SUMIFS(Checks!$BG$5:$BG$748,Checks!$B$5:$B$748,$A12) -> 0
A13: F09 | B13: 2 | C13: 9 | D13: 46306 | E13: SUN | F13: MH0753 | G13: HAN | H13: KUL | I13: 46306.545 | J13: 46306.729 | K13: BC | L13: B738MAX | M13: B737-8 (B7M8) | O13: 1F | P13: - | Q13: Overnight KUL | R13: KUL/HAN/KUL | S13: ASEAN | T13: 1 Meal (Meal) | U13: KUL/HAN | V13: HAN | Z13: =IF(AND(INDEX(TZ_DSTS,MATCH(G13,TZ_STN,0))<>"",(I13-INDEX(TZ_STD,MATCH(G13,TZ_STN,0))/24)>=INDEX(TZ_DSTS,MATCH(G13,TZ_STN,0)),(I13-INDEX(TZ_STD,MATCH(G13,TZ_STN,0))/24)<INDEX(TZ_DSTE,MATCH(G13,TZ_STN,0))),INDEX(TZ_DST,MATCH(G13,TZ_STN,0)),INDEX(TZ_STD,MATCH(G13,TZ_STN,0))) -> 7 | AA13: =I13-Z13/24 -> 46306.253 | AB13: =(J13-(IF(AND(INDEX(TZ_DSTS,MATCH(H13,TZ_STN,0))<>"",(J13-INDEX(TZ_STD,MATCH(H13,TZ_STN,0))/24)>=INDEX(TZ_DSTS,MATCH(H13,TZ_STN,0)),(J13-INDEX(TZ_STD,MATCH(H13,TZ_STN,0))/24)<INDEX(TZ_DSTE,MATCH(H13,TZ_STN,0))),INDEX(TZ_DST,MATCH(H13,TZ_STN,0)),INDEX(TZ_STD,MATCH(H13,TZ_STN,0))))/24-AA13)*24 -> 3.4166667 | AC13: =AA13-7 -> 46299.253 | AD13: =AA13-1 -> 46305.253 | AE13: =AA13-0.5 -> 46305.753 | AF13: =AA13 -> 46306.253 | AG13: =AC13+(IF(AND(INDEX(TZ_DSTS,MATCH(V13,TZ_STN,0))<>"",AC13>=INDEX(TZ_DSTS,MATCH(V13,TZ_STN,0)),AC13<INDEX(TZ_DSTE,MATCH(V13,TZ_STN,0))),INDEX(TZ_DST,MATCH(V13,TZ_STN,0)),INDEX(TZ_STD,MATCH(V13,TZ_STN,0))))/24 -> 46299.545 | AH13: =AD13+(IF(AND(INDEX(TZ_DSTS,MATCH(V13,TZ_STN,0))<>"",AD13>=INDEX(TZ_DSTS,MATCH(V13,TZ_STN,0)),AD13<INDEX(TZ_DSTE,MATCH(V13,TZ_STN,0))),INDEX(TZ_DST,MATCH(V13,TZ_STN,0)),INDEX(TZ_STD,MATCH(V13,TZ_STN,0))))/24 -> 46305.545 | AI13: =AE13+(IF(AND(INDEX(TZ_DSTS,MATCH(V13,TZ_STN,0))<>"",AE13>=INDEX(TZ_DSTS,MATCH(V13,TZ_STN,0)),AE13<INDEX(TZ_DSTE,MATCH(V13,TZ_STN,0))),INDEX(TZ_DST,MATCH(V13,TZ_STN,0)),INDEX(TZ_STD,MATCH(V13,TZ_STN,0))))/24 -> 46306.045 | AJ13: =IFERROR(SUMIFS(Checks!$AJ$5:$AJ$748,Checks!$B$5:$B$748,$A13,Checks!$G$5:$G$748,"T-7D")/SUMIFS(Checks!$AI$5:$AI$748,Checks!$B$5:$B$748,$A13,Checks!$G$5:$G$748,"T-7D"),"n/a") -> 0 | AK13: =IFERROR(SUMIFS(Checks!$AJ$5:$AJ$748,Checks!$B$5:$B$748,$A13,Checks!$G$5:$G$748,"T-24H")/SUMIFS(Checks!$AI$5:$AI$748,Checks!$B$5:$B$748,$A13,Checks!$G$5:$G$748,"T-24H"),"n/a") -> 0 | AL13: =IFERROR(SUMIFS(Checks!$AJ$5:$AJ$748,Checks!$B$5:$B$748,$A13,Checks!$G$5:$G$748,"T-12H PREP")/SUMIFS(Checks!$AI$5:$AI$748,Checks!$B$5:$B$748,$A13,Checks!$G$5:$G$748,"T-12H PREP"),"n/a") -> 0 | AM13: =IFERROR(SUMIFS(Checks!$AJ$5:$AJ$748,Checks!$B$5:$B$748,$A13,Checks!$G$5:$G$748,"UPLIFT")/SUMIFS(Checks!$AI$5:$AI$748,Checks!$B$5:$B$748,$A13,Checks!$G$5:$G$748,"UPLIFT"),"n/a") -> 0 | AN13: =IFERROR(SUMIFS(Checks!$AJ$5:$AJ$748,Checks!$B$5:$B$748,$A13)/SUMIFS(Checks!$AI$5:$AI$748,Checks!$B$5:$B$748,$A13),"n/a") -> 0 | AO13: =AW13-AV13 -> 38 | AP13: =SUMIFS(Checks!$AK$5:$AK$748,Checks!$B$5:$B$748,$A13) -> 0 | AQ13: =SUMIFS(Checks!$AL$5:$AL$748,Checks!$B$5:$B$748,$A13) -> 0 | AR13: =Documents!P13 -> 2 | AS13: =SUMIFS(Checks!$AN$5:$AN$748,Checks!$B$5:$B$748,$A13,Checks!$H$5:$H$748,"Preparation")+IF(AND(TRIM(L13)="A350",ISNA(MATCH(UPPER(SUBSTITUTE(SUBSTITUTE(TRIM(N13),"-","")," ","")),{"9MMAB","9MMAC","9MMAD","9MMAE","9MMAF","9MMAG","9MMAH"},0))),1,0) -> 2 | AT13: =IF(AND(AW13>0,AO13=0,AQ13=0,AR13=0,AS13=0,AU13=0),"READY",IF(AP13>0,"NOT READY – OVERDUE",IF(AQ13>0,"NOT READY – DISCREPANCY",IF(AU13>0,"NOT READY – INVALID ENTRY",IF(AR13>0,"NOT READY – DOCUMENTS",IF(AS13>0,"NOT READY – CLARIFICATION",IF(AND(AV13>0,SUMIFS(Checks!$AJ$5:$AJ$748,Checks!$B$5:$B$748,$A13,Checks!$H$5:$H$748,"Preparation")=SUMIFS(Checks!$AI$5:$AI$748,Checks!$B$5:$B$748,$A13,Checks!$H$5:$H$748,"Preparation")),"PREP DONE – AWAITING UPLIFT",IF(AV13=0,"NOT STARTED","IN PROGRESS")))))))) -> NOT READY – DOCUMENTS | AU13: =SUMIFS(Checks!$AM$5:$AM$748,Checks!$B$5:$B$748,$A13) -> 0 | AV13: =SUMIFS(Checks!$AJ$5:$AJ$748,Checks!$B$5:$B$748,$A13) -> 0 | AW13: =SUMIFS(Checks!$AI$5:$AI$748,Checks!$B$5:$B$748,$A13) -> 38 | AX13: n/a | AY13: n/a | AZ13: n/a | BA13: =IFERROR(1/(1/_xlfn.MINIFS(Checks!$AG$5:$AG$748,Checks!$B$5:$B$748,$A13,Checks!$H$5:$H$748,"Physical uplift",Checks!$P$5:$P$748,$G13)),"") | BB13: =SUMIFS(Checks!$BG$5:$BG$748,Checks!$B$5:$B$748,$A13) -> 0
A14: F10 | B14: 2 | C14: 10 | D14: 46307 | E14: MON | F14: MH1140 | G14: KUL | H14: PEN | I14: 46307.49 | J14: 46307.531 | K14: BC | L14: B738MAX | M14: B737-8 (B7M8) | O14: 1F | P14: - | R14: KUL/PEN/KUL | S14: DOMESTIC | T14: Refreshment (Peanut & Water) | U14: KUL | V14: KUL | Z14: =IF(AND(INDEX(TZ_DSTS,MATCH(G14,TZ_STN,0))<>"",(I14-INDEX(TZ_STD,MATCH(G14,TZ_STN,0))/24)>=INDEX(TZ_DSTS,MATCH(G14,TZ_STN,0)),(I14-INDEX(TZ_STD,MATCH(G14,TZ_STN,0))/24)<INDEX(TZ_DSTE,MATCH(G14,TZ_STN,0))),INDEX(TZ_DST,MATCH(G14,TZ_STN,0)),INDEX(TZ_STD,MATCH(G14,TZ_STN,0))) -> 8 | AA14: =I14-Z14/24 -> 46307.156 | AB14: =(J14-(IF(AND(INDEX(TZ_DSTS,MATCH(H14,TZ_STN,0))<>"",(J14-INDEX(TZ_STD,MATCH(H14,TZ_STN,0))/24)>=INDEX(TZ_DSTS,MATCH(H14,TZ_STN,0)),(J14-INDEX(TZ_STD,MATCH(H14,TZ_STN,0))/24)<INDEX(TZ_DSTE,MATCH(H14,TZ_STN,0))),INDEX(TZ_DST,MATCH(H14,TZ_STN,0)),INDEX(TZ_STD,MATCH(H14,TZ_STN,0))))/24-AA14)*24 -> 1 | AC14: =AA14-7 -> 46300.156 | AD14: =AA14-1 -> 46306.156 | AE14: =AA14-0.5 -> 46306.656 | AF14: =AA14 -> 46307.156 | AG14: =AC14+(IF(AND(INDEX(TZ_DSTS,MATCH(V14,TZ_STN,0))<>"",AC14>=INDEX(TZ_DSTS,MATCH(V14,TZ_STN,0)),AC14<INDEX(TZ_DSTE,MATCH(V14,TZ_STN,0))),INDEX(TZ_DST,MATCH(V14,TZ_STN,0)),INDEX(TZ_STD,MATCH(V14,TZ_STN,0))))/24 -> 46300.49 | AH14: =AD14+(IF(AND(INDEX(TZ_DSTS,MATCH(V14,TZ_STN,0))<>"",AD14>=INDEX(TZ_DSTS,MATCH(V14,TZ_STN,0)),AD14<INDEX(TZ_DSTE,MATCH(V14,TZ_STN,0))),INDEX(TZ_DST,MATCH(V14,TZ_STN,0)),INDEX(TZ_STD,MATCH(V14,TZ_STN,0))))/24 -> 46306.49 | AI14: =AE14+(IF(AND(INDEX(TZ_DSTS,MATCH(V14,TZ_STN,0))<>"",AE14>=INDEX(TZ_DSTS,MATCH(V14,TZ_STN,0)),AE14<INDEX(TZ_DSTE,MATCH(V14,TZ_STN,0))),INDEX(TZ_DST,MATCH(V14,TZ_STN,0)),INDEX(TZ_STD,MATCH(V14,TZ_STN,0))))/24 -> 46306.99 | AJ14: =IFERROR(SUMIFS(Checks!$AJ$5:$AJ$748,Checks!$B$5:$B$748,$A14,Checks!$G$5:$G$748,"T-7D")/SUMIFS(Checks!$AI$5:$AI$748,Checks!$B$5:$B$748,$A14,Checks!$G$5:$G$748,"T-7D"),"n/a") -> 0 | AK14: =IFERROR(SUMIFS(Checks!$AJ$5:$AJ$748,Checks!$B$5:$B$748,$A14,Checks!$G$5:$G$748,"T-24H")/SUMIFS(Checks!$AI$5:$AI$748,Checks!$B$5:$B$748,$A14,Checks!$G$5:$G$748,"T-24H"),"n/a") -> 0 | AL14: =IFERROR(SUMIFS(Checks!$AJ$5:$AJ$748,Checks!$B$5:$B$748,$A14,Checks!$G$5:$G$748,"T-12H PREP")/SUMIFS(Checks!$AI$5:$AI$748,Checks!$B$5:$B$748,$A14,Checks!$G$5:$G$748,"T-12H PREP"),"n/a") -> 0 | AM14: =IFERROR(SUMIFS(Checks!$AJ$5:$AJ$748,Checks!$B$5:$B$748,$A14,Checks!$G$5:$G$748,"UPLIFT")/SUMIFS(Checks!$AI$5:$AI$748,Checks!$B$5:$B$748,$A14,Checks!$G$5:$G$748,"UPLIFT"),"n/a") -> 0 | AN14: =IFERROR(SUMIFS(Checks!$AJ$5:$AJ$748,Checks!$B$5:$B$748,$A14)/SUMIFS(Checks!$AI$5:$AI$748,Checks!$B$5:$B$748,$A14),"n/a") -> 0 | AO14: =AW14-AV14 -> 34 | AP14: =SUMIFS(Checks!$AK$5:$AK$748,Checks!$B$5:$B$748,$A14) -> 0 | AQ14: =SUMIFS(Checks!$AL$5:$AL$748,Checks!$B$5:$B$748,$A14) -> 0 | AR14: =Documents!P14 -> 2 | AS14: =SUMIFS(Checks!$AN$5:$AN$748,Checks!$B$5:$B$748,$A14,Checks!$H$5:$H$748,"Preparation")+IF(AND(TRIM(L14)="A350",ISNA(MATCH(UPPER(SUBSTITUTE(SUBSTITUTE(TRIM(N14),"-","")," ","")),{"9MMAB","9MMAC","9MMAD","9MMAE","9MMAF","9MMAG","9MMAH"},0))),1,0) -> 0 | AT14: =IF(AND(AW14>0,AO14=0,AQ14=0,AR14=0,AS14=0,AU14=0),"READY",IF(AP14>0,"NOT READY – OVERDUE",IF(AQ14>0,"NOT READY – DISCREPANCY",IF(AU14>0,"NOT READY – INVALID ENTRY",IF(AR14>0,"NOT READY – DOCUMENTS",IF(AS14>0,"NOT READY – CLARIFICATION",IF(AND(AV14>0,SUMIFS(Checks!$AJ$5:$AJ$748,Checks!$B$5:$B$748,$A14,Checks!$H$5:$H$748,"Preparation")=SUMIFS(Checks!$AI$5:$AI$748,Checks!$B$5:$B$748,$A14,Checks!$H$5:$H$748,"Preparation")),"PREP DONE – AWAITING UPLIFT",IF(AV14=0,"NOT STARTED","IN PROGRESS")))))))) -> NOT READY – DOCUMENTS | AU14: =SUMIFS(Checks!$AM$5:$AM$748,Checks!$B$5:$B$748,$A14) -> 0 | AV14: =SUMIFS(Checks!$AJ$5:$AJ$748,Checks!$B$5:$B$748,$A14) -> 0 | AW14: =SUMIFS(Checks!$AI$5:$AI$748,Checks!$B$5:$B$748,$A14) -> 34 | AX14: n/a | AY14: n/a | AZ14: n/a | BA14: =IFERROR(1/(1/_xlfn.MINIFS(Checks!$AG$5:$AG$748,Checks!$B$5:$B$748,$A14,Checks!$H$5:$H$748,"Physical uplift",Checks!$P$5:$P$748,$G14)),"") | BB14: =SUMIFS(Checks!$BG$5:$BG$748,Checks!$B$5:$B$748,$A14) -> 0
A15: F11 | B15: 2 | C15: 11 | D15: 46307 | E15: MON | F15: MH1149 | G15: PEN | H15: KUL | I15: 46307.66 | J15: 46307.705 | K15: EY | L15: B738MAX | M15: B737-8 (B7M8) | O15: 4A | P15: 3H 05M | R15: KUL/PEN/KUL | S15: DOMESTIC | T15: Refreshment (Peanut & Water) | U15: KUL | V15: KUL | W15: F10 | Z15: =IF(AND(INDEX(TZ_DSTS,MATCH(G15,TZ_STN,0))<>"",(I15-INDEX(TZ_STD,MATCH(G15,TZ_STN,0))/24)>=INDEX(TZ_DSTS,MATCH(G15,TZ_STN,0)),(I15-INDEX(TZ_STD,MATCH(G15,TZ_STN,0))/24)<INDEX(TZ_DSTE,MATCH(G15,TZ_STN,0))),INDEX(TZ_DST,MATCH(G15,TZ_STN,0)),INDEX(TZ_STD,MATCH(G15,TZ_STN,0))) -> 8 | AA15: =I15-Z15/24 -> 46307.326 | AB15: =(J15-(IF(AND(INDEX(TZ_DSTS,MATCH(H15,TZ_STN,0))<>"",(J15-INDEX(TZ_STD,MATCH(H15,TZ_STN,0))/24)>=INDEX(TZ_DSTS,MATCH(H15,TZ_STN,0)),(J15-INDEX(TZ_STD,MATCH(H15,TZ_STN,0))/24)<INDEX(TZ_DSTE,MATCH(H15,TZ_STN,0))),INDEX(TZ_DST,MATCH(H15,TZ_STN,0)),INDEX(TZ_STD,MATCH(H15,TZ_STN,0))))/24-AA15)*24 -> 1.0833333 | AC15: =AA15-7 -> 46300.326 | AD15: =MIN(AA15-1,AY15) -> 46306.326 | AE15: =MIN(AA15-0.5,AY15) -> 46306.826 | AF15: =AA15 -> 46307.326 | AG15: =AC15+(IF(AND(INDEX(TZ_DSTS,MATCH(V15,TZ_STN,0))<>"",AC15>=INDEX(TZ_DSTS,MATCH(V15,TZ_STN,0)),AC15<INDEX(TZ_DSTE,MATCH(V15,TZ_STN,0))),INDEX(TZ_DST,MATCH(V15,TZ_STN,0)),INDEX(TZ_STD,MATCH(V15,TZ_STN,0))))/24 -> 46300.66 | AH15: =AD15+(IF(AND(INDEX(TZ_DSTS,MATCH(V15,TZ_STN,0))<>"",AD15>=INDEX(TZ_DSTS,MATCH(V15,TZ_STN,0)),AD15<INDEX(TZ_DSTE,MATCH(V15,TZ_STN,0))),INDEX(TZ_DST,MATCH(V15,TZ_STN,0)),INDEX(TZ_STD,MATCH(V15,TZ_STN,0))))/24 -> 46306.66 | AI15: =AE15+(IF(AND(INDEX(TZ_DSTS,MATCH(V15,TZ_STN,0))<>"",AE15>=INDEX(TZ_DSTS,MATCH(V15,TZ_STN,0)),AE15<INDEX(TZ_DSTE,MATCH(V15,TZ_STN,0))),INDEX(TZ_DST,MATCH(V15,TZ_STN,0)),INDEX(TZ_STD,MATCH(V15,TZ_STN,0))))/24 -> 46307.16 | AJ15: =IFERROR(SUMIFS(Checks!$AJ$5:$AJ$748,Checks!$B$5:$B$748,$A15,Checks!$G$5:$G$748,"T-7D")/SUMIFS(Checks!$AI$5:$AI$748,Checks!$B$5:$B$748,$A15,Checks!$G$5:$G$748,"T-7D"),"n/a") -> 0 | AK15: =IFERROR(SUMIFS(Checks!$AJ$5:$AJ$748,Checks!$B$5:$B$748,$A15,Checks!$G$5:$G$748,"T-24H")/SUMIFS(Checks!$AI$5:$AI$748,Checks!$B$5:$B$748,$A15,Checks!$G$5:$G$748,"T-24H"),"n/a") -> 0 | AL15: =IFERROR(SUMIFS(Checks!$AJ$5:$AJ$748,Checks!$B$5:$B$748,$A15,Checks!$G$5:$G$748,"T-12H PREP")/SUMIFS(Checks!$AI$5:$AI$748,Checks!$B$5:$B$748,$A15,Checks!$G$5:$G$748,"T-12H PREP"),"n/a") -> 0 | AM15: =IFERROR(SUMIFS(Checks!$AJ$5:$AJ$748,Checks!$B$5:$B$748,$A15,Checks!$G$5:$G$748,"UPLIFT")/SUMIFS(Checks!$AI$5:$AI$748,Checks!$B$5:$B$748,$A15,Checks!$G$5:$G$748,"UPLIFT"),"n/a") -> 0 | AN15: =IFERROR(SUMIFS(Checks!$AJ$5:$AJ$748,Checks!$B$5:$B$748,$A15)/SUMIFS(Checks!$AI$5:$AI$748,Checks!$B$5:$B$748,$A15),"n/a") -> 0 | AO15: =AW15-AV15 -> 22 | AP15: =SUMIFS(Checks!$AK$5:$AK$748,Checks!$B$5:$B$748,$A15) -> 0 | AQ15: =SUMIFS(Checks!$AL$5:$AL$748,Checks!$B$5:$B$748,$A15) -> 0 | AR15: =Documents!P15 -> 2 | AS15: =SUMIFS(Checks!$AN$5:$AN$748,Checks!$B$5:$B$748,$A15,Checks!$H$5:$H$748,"Preparation")+IF(AND(TRIM(L15)="A350",ISNA(MATCH(UPPER(SUBSTITUTE(SUBSTITUTE(TRIM(N15),"-","")," ","")),{"9MMAB","9MMAC","9MMAD","9MMAE","9MMAF","9MMAG","9MMAH"},0))),1,0) -> 1 | AT15: =IF(AND(AW15>0,AO15=0,AQ15=0,AR15=0,AS15=0,AU15=0),"READY",IF(AP15>0,"NOT READY – OVERDUE",IF(AQ15>0,"NOT READY – DISCREPANCY",IF(AU15>0,"NOT READY – INVALID ENTRY",IF(AR15>0,"NOT READY – DOCUMENTS",IF(AS15>0,"NOT READY – CLARIFICATION",IF(AND(AV15>0,SUMIFS(Checks!$AJ$5:$AJ$748,Checks!$B$5:$B$748,$A15,Checks!$H$5:$H$748,"Preparation")=SUMIFS(Checks!$AI$5:$AI$748,Checks!$B$5:$B$748,$A15,Checks!$H$5:$H$748,"Preparation")),"PREP DONE – AWAITING UPLIFT",IF(AV15=0,"NOT STARTED","IN PROGRESS")))))))) -> NOT READY – DOCUMENTS | AU15: =SUMIFS(Checks!$AM$5:$AM$748,Checks!$B$5:$B$748,$A15) -> 0 | AV15: =SUMIFS(Checks!$AJ$5:$AJ$748,Checks!$B$5:$B$748,$A15) -> 0 | AW15: =SUMIFS(Checks!$AI$5:$AI$748,Checks!$B$5:$B$748,$A15) -> 22 | AY15: =ROUND((IF(ISNUMBER(AX15),AX15,$AA$14)-UpliftWindowH/24)*1440,0)/1440 -> 46306.906 | AZ15: =ROUND((AY15+UpliftWindowH/24+MIN($AB$14)/24)*1440,0)/1440 -> 46307.198 | BA15: =IFERROR(1/(1/_xlfn.MINIFS(Checks!$AG$5:$AG$748,Checks!$B$5:$B$748,$A15,Checks!$H$5:$H$748,"Physical uplift",Checks!$P$5:$P$748,$G15)),"") | BB15: =SUMIFS(Checks!$BG$5:$BG$748,Checks!$B$5:$B$748,$A15) -> 0
A16: F12 | B16: 2 | C16: 12 | D16: 46307 | E16: MON | F16: MH0139 | G16: KUL | H16: ADL | I16: 46307.934 | J16: 46308.333 | K16: BC | L16: A339 | M16: A330-900 (A339) | O16: 1K | P16: 5H 30M | Q16: Overnight ADL | R16: KUL/ADL/KUL | S16: ANZ | T16: 1.5 Meal (Meal) | U16: KUL/ADL | V16: KUL | Z16: =IF(AND(INDEX(TZ_DSTS,MATCH(G16,TZ_STN,0))<>"",(I16-INDEX(TZ_STD,MATCH(G16,TZ_STN,0))/24)>=INDEX(TZ_DSTS,MATCH(G16,TZ_STN,0)),(I16-INDEX(TZ_STD,MATCH(G16,TZ_STN,0))/24)<INDEX(TZ_DSTE,MATCH(G16,TZ_STN,0))),INDEX(TZ_DST,MATCH(G16,TZ_STN,0)),INDEX(TZ_STD,MATCH(G16,TZ_STN,0))) -> 8 | AA16: =I16-Z16/24 -> 46307.601 | AB16: =(J16-(IF(AND(INDEX(TZ_DSTS,MATCH(H16,TZ_STN,0))<>"",(J16-INDEX(TZ_STD,MATCH(H16,TZ_STN,0))/24)>=INDEX(TZ_DSTS,MATCH(H16,TZ_STN,0)),(J16-INDEX(TZ_STD,MATCH(H16,TZ_STN,0))/24)<INDEX(TZ_DSTE,MATCH(H16,TZ_STN,0))),INDEX(TZ_DST,MATCH(H16,TZ_STN,0)),INDEX(TZ_STD,MATCH(H16,TZ_STN,0))))/24-AA16)*24 -> 7.0833333 | AC16: =AA16-7 -> 46300.601 | AD16: =AA16-1 -> 46306.601 | AE16: =AA16-0.5 -> 46307.101 | AF16: =AA16 -> 46307.601 | AG16: =AC16+(IF(AND(INDEX(TZ_DSTS,MATCH(V16,TZ_STN,0))<>"",AC16>=INDEX(TZ_DSTS,MATCH(V16,TZ_STN,0)),AC16<INDEX(TZ_DSTE,MATCH(V16,TZ_STN,0))),INDEX(TZ_DST,MATCH(V16,TZ_STN,0)),INDEX(TZ_STD,MATCH(V16,TZ_STN,0))))/24 -> 46300.934 | AH16: =AD16+(IF(AND(INDEX(TZ_DSTS,MATCH(V16,TZ_STN,0))<>"",AD16>=INDEX(TZ_DSTS,MATCH(V16,TZ_STN,0)),AD16<INDEX(TZ_DSTE,MATCH(V16,TZ_STN,0))),INDEX(TZ_DST,MATCH(V16,TZ_STN,0)),INDEX(TZ_STD,MATCH(V16,TZ_STN,0))))/24 -> 46306.934 | AI16: =AE16+(IF(AND(INDEX(TZ_DSTS,MATCH(V16,TZ_STN,0))<>"",AE16>=INDEX(TZ_DSTS,MATCH(V16,TZ_STN,0)),AE16<INDEX(TZ_DSTE,MATCH(V16,TZ_STN,0))),INDEX(TZ_DST,MATCH(V16,TZ_STN,0)),INDEX(TZ_STD,MATCH(V16,TZ_STN,0))))/24 -> 46307.434 | AJ16: =IFERROR(SUMIFS(Checks!$AJ$5:$AJ$748,Checks!$B$5:$B$748,$A16,Checks!$G$5:$G$748,"T-7D")/SUMIFS(Checks!$AI$5:$AI$748,Checks!$B$5:$B$748,$A16,Checks!$G$5:$G$748,"T-7D"),"n/a") -> 0 | AK16: =IFERROR(SUMIFS(Checks!$AJ$5:$AJ$748,Checks!$B$5:$B$748,$A16,Checks!$G$5:$G$748,"T-24H")/SUMIFS(Checks!$AI$5:$AI$748,Checks!$B$5:$B$748,$A16,Checks!$G$5:$G$748,"T-24H"),"n/a") -> 0 | AL16: =IFERROR(SUMIFS(Checks!$AJ$5:$AJ$748,Checks!$B$5:$B$748,$A16,Checks!$G$5:$G$748,"T-12H PREP")/SUMIFS(Checks!$AI$5:$AI$748,Checks!$B$5:$B$748,$A16,Checks!$G$5:$G$748,"T-12H PREP"),"n/a") -> 0 | AM16: =IFERROR(SUMIFS(Checks!$AJ$5:$AJ$748,Checks!$B$5:$B$748,$A16,Checks!$G$5:$G$748,"UPLIFT")/SUMIFS(Checks!$AI$5:$AI$748,Checks!$B$5:$B$748,$A16,Checks!$G$5:$G$748,"UPLIFT"),"n/a") -> 0 | AN16: =IFERROR(SUMIFS(Checks!$AJ$5:$AJ$748,Checks!$B$5:$B$748,$A16)/SUMIFS(Checks!$AI$5:$AI$748,Checks!$B$5:$B$748,$A16),"n/a") -> 0 | AO16: =AW16-AV16 -> 47 | AP16: =SUMIFS(Checks!$AK$5:$AK$748,Checks!$B$5:$B$748,$A16) -> 0 | AQ16: =SUMIFS(Checks!$AL$5:$AL$748,Checks!$B$5:$B$748,$A16) -> 0 | AR16: =Documents!P16 -> 2 | AS16: =SUMIFS(Checks!$AN$5:$AN$748,Checks!$B$5:$B$748,$A16,Checks!$H$5:$H$748,"Preparation")+IF(AND(TRIM(L16)="A350",ISNA(MATCH(UPPER(SUBSTITUTE(SUBSTITUTE(TRIM(N16),"-","")," ","")),{"9MMAB","9MMAC","9MMAD","9MMAE","9MMAF","9MMAG","9MMAH"},0))),1,0) -> 0 | AT16: =IF(AND(AW16>0,AO16=0,AQ16=0,AR16=0,AS16=0,AU16=0),"READY",IF(AP16>0,"NOT READY – OVERDUE",IF(AQ16>0,"NOT READY – DISCREPANCY",IF(AU16>0,"NOT READY – INVALID ENTRY",IF(AR16>0,"NOT READY – DOCUMENTS",IF(AS16>0,"NOT READY – CLARIFICATION",IF(AND(AV16>0,SUMIFS(Checks!$AJ$5:$AJ$748,Checks!$B$5:$B$748,$A16,Checks!$H$5:$H$748,"Preparation")=SUMIFS(Checks!$AI$5:$AI$748,Checks!$B$5:$B$748,$A16,Checks!$H$5:$H$748,"Preparation")),"PREP DONE – AWAITING UPLIFT",IF(AV16=0,"NOT STARTED","IN PROGRESS")))))))) -> NOT READY – DOCUMENTS | AU16: =SUMIFS(Checks!$AM$5:$AM$748,Checks!$B$5:$B$748,$A16) -> 0 | AV16: =SUMIFS(Checks!$AJ$5:$AJ$748,Checks!$B$5:$B$748,$A16) -> 0 | AW16: =SUMIFS(Checks!$AI$5:$AI$748,Checks!$B$5:$B$748,$A16) -> 47 | AX16: n/a | AY16: n/a | AZ16: n/a | BA16: =IFERROR(1/(1/_xlfn.MINIFS(Checks!$AG$5:$AG$748,Checks!$B$5:$B$748,$A16,Checks!$H$5:$H$748,"Physical uplift",Checks!$P$5:$P$748,$G16)),"") | BB16: =SUMIFS(Checks!$BG$5:$BG$748,Checks!$B$5:$B$748,$A16) -> 0
A17: F13 | B17: 2 | C17: 13 | D17: 46309 | E17: WED | F17: MH0138 | G17: ADL | H17: KUL | I17: 46309.448 | J17: 46309.667 | K17: EY | L17: A339 | M17: A330-900 (A339) | O17: 11K | P17: - | Q17: Overnight KUL | R17: KUL/ADL/KUL | S17: ANZ | T17: 1.5 Meal (Meal) | U17: KUL/ADL | V17: ADL | Z17: =IF(AND(INDEX(TZ_DSTS,MATCH(G17,TZ_STN,0))<>"",(I17-INDEX(TZ_STD,MATCH(G17,TZ_STN,0))/24)>=INDEX(TZ_DSTS,MATCH(G17,TZ_STN,0)),(I17-INDEX(TZ_STD,MATCH(G17,TZ_STN,0))/24)<INDEX(TZ_DSTE,MATCH(G17,TZ_STN,0))),INDEX(TZ_DST,MATCH(G17,TZ_STN,0)),INDEX(TZ_STD,MATCH(G17,TZ_STN,0))) -> 10.5 | AA17: =I17-Z17/24 -> 46309.01 | AB17: =(J17-(IF(AND(INDEX(TZ_DSTS,MATCH(H17,TZ_STN,0))<>"",(J17-INDEX(TZ_STD,MATCH(H17,TZ_STN,0))/24)>=INDEX(TZ_DSTS,MATCH(H17,TZ_STN,0)),(J17-INDEX(TZ_STD,MATCH(H17,TZ_STN,0))/24)<INDEX(TZ_DSTE,MATCH(H17,TZ_STN,0))),INDEX(TZ_DST,MATCH(H17,TZ_STN,0)),INDEX(TZ_STD,MATCH(H17,TZ_STN,0))))/24-AA17)*24 -> 7.75 | AC17: =AA17-7 -> 46302.01 | AD17: =AA17-1 -> 46308.01 | AE17: =AA17-0.5 -> 46308.51 | AF17: =AA17 -> 46309.01 | AG17: =AC17+(IF(AND(INDEX(TZ_DSTS,MATCH(V17,TZ_STN,0))<>"",AC17>=INDEX(TZ_DSTS,MATCH(V17,TZ_STN,0)),AC17<INDEX(TZ_DSTE,MATCH(V17,TZ_STN,0))),INDEX(TZ_DST,MATCH(V17,TZ_STN,0)),INDEX(TZ_STD,MATCH(V17,TZ_STN,0))))/24 -> 46302.448 | AH17: =AD17+(IF(AND(INDEX(TZ_DSTS,MATCH(V17,TZ_STN,0))<>"",AD17>=INDEX(TZ_DSTS,MATCH(V17,TZ_STN,0)),AD17<INDEX(TZ_DSTE,MATCH(V17,TZ_STN,0))),INDEX(TZ_DST,MATCH(V17,TZ_STN,0)),INDEX(TZ_STD,MATCH(V17,TZ_STN,0))))/24 -> 46308.448 | AI17: =AE17+(IF(AND(INDEX(TZ_DSTS,MATCH(V17,TZ_STN,0))<>"",AE17>=INDEX(TZ_DSTS,MATCH(V17,TZ_STN,0)),AE17<INDEX(TZ_DSTE,MATCH(V17,TZ_STN,0))),INDEX(TZ_DST,MATCH(V17,TZ_STN,0)),INDEX(TZ_STD,MATCH(V17,TZ_STN,0))))/24 -> 46308.948 | AJ17: =IFERROR(SUMIFS(Checks!$AJ$5:$AJ$748,Checks!$B$5:$B$748,$A17,Checks!$G$5:$G$748,"T-7D")/SUMIFS(Checks!$AI$5:$AI$748,Checks!$B$5:$B$748,$A17,Checks!$G$5:$G$748,"T-7D"),"n/a") -> 0 | AK17: =IFERROR(SUMIFS(Checks!$AJ$5:$AJ$748,Checks!$B$5:$B$748,$A17,Checks!$G$5:$G$748,"T-24H")/SUMIFS(Checks!$AI$5:$AI$748,Checks!$B$5:$B$748,$A17,Checks!$G$5:$G$748,"T-24H"),"n/a") -> 0 | AL17: =IFERROR(SUMIFS(Checks!$AJ$5:$AJ$748,Checks!$B$5:$B$748,$A17,Checks!$G$5:$G$748,"T-12H PREP")/SUMIFS(Checks!$AI$5:$AI$748,Checks!$B$5:$B$748,$A17,Checks!$G$5:$G$748,"T-12H PREP"),"n/a") -> 0 | AM17: =IFERROR(SUMIFS(Checks!$AJ$5:$AJ$748,Checks!$B$5:$B$748,$A17,Checks!$G$5:$G$748,"UPLIFT")/SUMIFS(Checks!$AI$5:$AI$748,Checks!$B$5:$B$748,$A17,Checks!$G$5:$G$748,"UPLIFT"),"n/a") -> 0 | AN17: =IFERROR(SUMIFS(Checks!$AJ$5:$AJ$748,Checks!$B$5:$B$748,$A17)/SUMIFS(Checks!$AI$5:$AI$748,Checks!$B$5:$B$748,$A17),"n/a") -> 0 | AO17: =AW17-AV17 -> 29 | AP17: =SUMIFS(Checks!$AK$5:$AK$748,Checks!$B$5:$B$748,$A17) -> 0 | AQ17: =SUMIFS(Checks!$AL$5:$AL$748,Checks!$B$5:$B$748,$A17) -> 0 | AR17: =Documents!P17 -> 2 | AS17: =SUMIFS(Checks!$AN$5:$AN$748,Checks!$B$5:$B$748,$A17,Checks!$H$5:$H$748,"Preparation")+IF(AND(TRIM(L17)="A350",ISNA(MATCH(UPPER(SUBSTITUTE(SUBSTITUTE(TRIM(N17),"-","")," ","")),{"9MMAB","9MMAC","9MMAD","9MMAE","9MMAF","9MMAG","9MMAH"},0))),1,0) -> 3 | AT17: =IF(AND(AW17>0,AO17=0,AQ17=0,AR17=0,AS17=0,AU17=0),"READY",IF(AP17>0,"NOT READY – OVERDUE",IF(AQ17>0,"NOT READY – DISCREPANCY",IF(AU17>0,"NOT READY – INVALID ENTRY",IF(AR17>0,"NOT READY – DOCUMENTS",IF(AS17>0,"NOT READY – CLARIFICATION",IF(AND(AV17>0,SUMIFS(Checks!$AJ$5:$AJ$748,Checks!$B$5:$B$748,$A17,Checks!$H$5:$H$748,"Preparation")=SUMIFS(Checks!$AI$5:$AI$748,Checks!$B$5:$B$748,$A17,Checks!$H$5:$H$748,"Preparation")),"PREP DONE – AWAITING UPLIFT",IF(AV17=0,"NOT STARTED","IN PROGRESS")))))))) -> NOT READY – DOCUMENTS | AU17: =SUMIFS(Checks!$AM$5:$AM$748,Checks!$B$5:$B$748,$A17) -> 0 | AV17: =SUMIFS(Checks!$AJ$5:$AJ$748,Checks!$B$5:$B$748,$A17) -> 0 | AW17: =SUMIFS(Checks!$AI$5:$AI$748,Checks!$B$5:$B$748,$A17) -> 29 | AY17: =ROUND((IF(ISNUMBER(AX17),AX17,$AA$16)-UpliftWindowH/24)*1440,0)/1440 -> 46307.351 | AZ17: =ROUND((AY17+UpliftWindowH/24+MIN($AB$16)/24)*1440,0)/1440 -> 46307.896 | BA17: =IFERROR(1/(1/_xlfn.MINIFS(Checks!$AG$5:$AG$748,Checks!$B$5:$B$748,$A17,Checks!$H$5:$H$748,"Physical uplift",Checks!$P$5:$P$748,$G17)),"") | BB17: =SUMIFS(Checks!$BG$5:$BG$748,Checks!$B$5:$B$748,$A17) -> 0
A18: F14 | B18: 2 | C18: 14 | D18: 46310 | E18: THU | F18: MH0004 | G18: KUL | H18: LHR | I18: 46310.41 | J18: 46310.691 | K18: EY | L18: A350 | M18: A350-900: A359 (9M-MAB..MAG) or A350 (9M-MAH) - tail to confirm | O18: 14C | P18: - | R18: KUL/LHR/KUL | S18: EUR | T18: 2.5 Meal (Meal) | U18: KUL/LHR | V18: KUL | Z18: =IF(AND(INDEX(TZ_DSTS,MATCH(G18,TZ_STN,0))<>"",(I18-INDEX(TZ_STD,MATCH(G18,TZ_STN,0))/24)>=INDEX(TZ_DSTS,MATCH(G18,TZ_STN,0)),(I18-INDEX(TZ_STD,MATCH(G18,TZ_STN,0))/24)<INDEX(TZ_DSTE,MATCH(G18,TZ_STN,0))),INDEX(TZ_DST,MATCH(G18,TZ_STN,0)),INDEX(TZ_STD,MATCH(G18,TZ_STN,0))) -> 8 | AA18: =I18-Z18/24 -> 46310.076 | AB18: =(J18-(IF(AND(INDEX(TZ_DSTS,MATCH(H18,TZ_STN,0))<>"",(J18-INDEX(TZ_STD,MATCH(H18,TZ_STN,0))/24)>=INDEX(TZ_DSTS,MATCH(H18,TZ_STN,0)),(J18-INDEX(TZ_STD,MATCH(H18,TZ_STN,0))/24)<INDEX(TZ_DSTE,MATCH(H18,TZ_STN,0))),INDEX(TZ_DST,MATCH(H18,TZ_STN,0)),INDEX(TZ_STD,MATCH(H18,TZ_STN,0))))/24-AA18)*24 -> 13.75 | AC18: =AA18-7 -> 46303.076 | AD18: =AA18-1 -> 46309.076 | AE18: =AA18-0.5 -> 46309.576 | AF18: =AA18 -> 46310.076 | AG18: =AC18+(IF(AND(INDEX(TZ_DSTS,MATCH(V18,TZ_STN,0))<>"",AC18>=INDEX(TZ_DSTS,MATCH(V18,TZ_STN,0)),AC18<INDEX(TZ_DSTE,MATCH(V18,TZ_STN,0))),INDEX(TZ_DST,MATCH(V18,TZ_STN,0)),INDEX(TZ_STD,MATCH(V18,TZ_STN,0))))/24 -> 46303.41 | AH18: =AD18+(IF(AND(INDEX(TZ_DSTS,MATCH(V18,TZ_STN,0))<>"",AD18>=INDEX(TZ_DSTS,MATCH(V18,TZ_STN,0)),AD18<INDEX(TZ_DSTE,MATCH(V18,TZ_STN,0))),INDEX(TZ_DST,MATCH(V18,TZ_STN,0)),INDEX(TZ_STD,MATCH(V18,TZ_STN,0))))/24 -> 46309.41 | AI18: =AE18+(IF(AND(INDEX(TZ_DSTS,MATCH(V18,TZ_STN,0))<>"",AE18>=INDEX(TZ_DSTS,MATCH(V18,TZ_STN,0)),AE18<INDEX(TZ_DSTE,MATCH(V18,TZ_STN,0))),INDEX(TZ_DST,MATCH(V18,TZ_STN,0)),INDEX(TZ_STD,MATCH(V18,TZ_STN,0))))/24 -> 46309.91 | AJ18: =IFERROR(SUMIFS(Checks!$AJ$5:$AJ$748,Checks!$B$5:$B$748,$A18,Checks!$G$5:$G$748,"T-7D")/SUMIFS(Checks!$AI$5:$AI$748,Checks!$B$5:$B$748,$A18,Checks!$G$5:$G$748,"T-7D"),"n/a") -> 0 | AK18: =IFERROR(SUMIFS(Checks!$AJ$5:$AJ$748,Checks!$B$5:$B$748,$A18,Checks!$G$5:$G$748,"T-24H")/SUMIFS(Checks!$AI$5:$AI$748,Checks!$B$5:$B$748,$A18,Checks!$G$5:$G$748,"T-24H"),"n/a") -> 0 | AL18: =IFERROR(SUMIFS(Checks!$AJ$5:$AJ$748,Checks!$B$5:$B$748,$A18,Checks!$G$5:$G$748,"T-12H PREP")/SUMIFS(Checks!$AI$5:$AI$748,Checks!$B$5:$B$748,$A18,Checks!$G$5:$G$748,"T-12H PREP"),"n/a") -> 0 | AM18: =IFERROR(SUMIFS(Checks!$AJ$5:$AJ$748,Checks!$B$5:$B$748,$A18,Checks!$G$5:$G$748,"UPLIFT")/SUMIFS(Checks!$AI$5:$AI$748,Checks!$B$5:$B$748,$A18,Checks!$G$5:$G$748,"UPLIFT"),"n/a") -> 0 | AN18: =IFERROR(SUMIFS(Checks!$AJ$5:$AJ$748,Checks!$B$5:$B$748,$A18)/SUMIFS(Checks!$AI$5:$AI$748,Checks!$B$5:$B$748,$A18),"n/a") -> 0 | AO18: =AW18-AV18 -> 24 | AP18: =SUMIFS(Checks!$AK$5:$AK$748,Checks!$B$5:$B$748,$A18) -> 0 | AQ18: =SUMIFS(Checks!$AL$5:$AL$748,Checks!$B$5:$B$748,$A18) -> 0 | AR18: =Documents!P18 -> 2 | AS18: =SUMIFS(Checks!$AN$5:$AN$748,Checks!$B$5:$B$748,$A18,Checks!$H$5:$H$748,"Preparation")+IF(AND(TRIM(L18)="A350",ISNA(MATCH(UPPER(SUBSTITUTE(SUBSTITUTE(TRIM(N18),"-","")," ","")),{"9MMAB","9MMAC","9MMAD","9MMAE","9MMAF","9MMAG","9MMAH"},0))),1,0) -> 2 | AT18: =IF(AND(AW18>0,AO18=0,AQ18=0,AR18=0,AS18=0,AU18=0),"READY",IF(AP18>0,"NOT READY – OVERDUE",IF(AQ18>0,"NOT READY – DISCREPANCY",IF(AU18>0,"NOT READY – INVALID ENTRY",IF(AR18>0,"NOT READY – DOCUMENTS",IF(AS18>0,"NOT READY – CLARIFICATION",IF(AND(AV18>0,SUMIFS(Checks!$AJ$5:$AJ$748,Checks!$B$5:$B$748,$A18,Checks!$H$5:$H$748,"Preparation")=SUMIFS(Checks!$AI$5:$AI$748,Checks!$B$5:$B$748,$A18,Checks!$H$5:$H$748,"Preparation")),"PREP DONE – AWAITING UPLIFT",IF(AV18=0,"NOT STARTED","IN PROGRESS")))))))) -> NOT READY – DOCUMENTS | AU18: =SUMIFS(Checks!$AM$5:$AM$748,Checks!$B$5:$B$748,$A18) -> 0 | AV18: =SUMIFS(Checks!$AJ$5:$AJ$748,Checks!$B$5:$B$748,$A18) -> 0 | AW18: =SUMIFS(Checks!$AI$5:$AI$748,Checks!$B$5:$B$748,$A18) -> 24 | AX18: n/a | AY18: n/a | AZ18: n/a | BA18: =IFERROR(1/(1/_xlfn.MINIFS(Checks!$AG$5:$AG$748,Checks!$B$5:$B$748,$A18,Checks!$H$5:$H$748,"Physical uplift",Checks!$P$5:$P$748,$G18)),"") | BB18: =SUMIFS(Checks!$BG$5:$BG$748,Checks!$B$5:$B$748,$A18) -> 0
A19: F15 | B19: 3 | C19: 15 | D19: 46320 | E19: SUN | F19: MH0003 | G19: LHR | H19: KUL | I19: 46320.458 | J19: 46321.281 | K19: EY | L19: A350 | M19: A350-900: A359 (9M-MAB..MAG) or A350 (9M-MAH) - tail to confirm | O19: 12H | P19: - | R19: KUL/LHR/KUL | S19: EUR | T19: 2.5 Meal (Meal) | U19: KUL/LHR | V19: LHR | Z19: =IF(AND(INDEX(TZ_DSTS,MATCH(G19,TZ_STN,0))<>"",(I19-INDEX(TZ_STD,MATCH(G19,TZ_STN,0))/24)>=INDEX(TZ_DSTS,MATCH(G19,TZ_STN,0)),(I19-INDEX(TZ_STD,MATCH(G19,TZ_STN,0))/24)<INDEX(TZ_DSTE,MATCH(G19,TZ_STN,0))),INDEX(TZ_DST,MATCH(G19,TZ_STN,0)),INDEX(TZ_STD,MATCH(G19,TZ_STN,0))) -> 0 | AA19: =I19-Z19/24 -> 46320.458 | AB19: =(J19-(IF(AND(INDEX(TZ_DSTS,MATCH(H19,TZ_STN,0))<>"",(J19-INDEX(TZ_STD,MATCH(H19,TZ_STN,0))/24)>=INDEX(TZ_DSTS,MATCH(H19,TZ_STN,0)),(J19-INDEX(TZ_STD,MATCH(H19,TZ_STN,0))/24)<INDEX(TZ_DSTE,MATCH(H19,TZ_STN,0))),INDEX(TZ_DST,MATCH(H19,TZ_STN,0)),INDEX(TZ_STD,MATCH(H19,TZ_STN,0))))/24-AA19)*24 -> 11.75 | AC19: =AA19-7 -> 46313.458 | AD19: =AA19-1 -> 46319.458 | AE19: =AA19-0.5 -> 46319.958 | AF19: =AA19 -> 46320.458 | AG19: =AC19+(IF(AND(INDEX(TZ_DSTS,MATCH(V19,TZ_STN,0))<>"",AC19>=INDEX(TZ_DSTS,MATCH(V19,TZ_STN,0)),AC19<INDEX(TZ_DSTE,MATCH(V19,TZ_STN,0))),INDEX(TZ_DST,MATCH(V19,TZ_STN,0)),INDEX(TZ_STD,MATCH(V19,TZ_STN,0))))/24 -> 46313.5 | AH19: =AD19+(IF(AND(INDEX(TZ_DSTS,MATCH(V19,TZ_STN,0))<>"",AD19>=INDEX(TZ_DSTS,MATCH(V19,TZ_STN,0)),AD19<INDEX(TZ_DSTE,MATCH(V19,TZ_STN,0))),INDEX(TZ_DST,MATCH(V19,TZ_STN,0)),INDEX(TZ_STD,MATCH(V19,TZ_STN,0))))/24 -> 46319.5 | AI19: =AE19+(IF(AND(INDEX(TZ_DSTS,MATCH(V19,TZ_STN,0))<>"",AE19>=INDEX(TZ_DSTS,MATCH(V19,TZ_STN,0)),AE19<INDEX(TZ_DSTE,MATCH(V19,TZ_STN,0))),INDEX(TZ_DST,MATCH(V19,TZ_STN,0)),INDEX(TZ_STD,MATCH(V19,TZ_STN,0))))/24 -> 46320 | AJ19: =IFERROR(SUMIFS(Checks!$AJ$5:$AJ$748,Checks!$B$5:$B$748,$A19,Checks!$G$5:$G$748,"T-7D")/SUMIFS(Checks!$AI$5:$AI$748,Checks!$B$5:$B$748,$A19,Checks!$G$5:$G$748,"T-7D"),"n/a") -> 0 | AK19: =IFERROR(SUMIFS(Checks!$AJ$5:$AJ$748,Checks!$B$5:$B$748,$A19,Checks!$G$5:$G$748,"T-24H")/SUMIFS(Checks!$AI$5:$AI$748,Checks!$B$5:$B$748,$A19,Checks!$G$5:$G$748,"T-24H"),"n/a") -> 0 | AL19: =IFERROR(SUMIFS(Checks!$AJ$5:$AJ$748,Checks!$B$5:$B$748,$A19,Checks!$G$5:$G$748,"T-12H PREP")/SUMIFS(Checks!$AI$5:$AI$748,Checks!$B$5:$B$748,$A19,Checks!$G$5:$G$748,"T-12H PREP"),"n/a") -> 0 | AM19: =IFERROR(SUMIFS(Checks!$AJ$5:$AJ$748,Checks!$B$5:$B$748,$A19,Checks!$G$5:$G$748,"UPLIFT")/SUMIFS(Checks!$AI$5:$AI$748,Checks!$B$5:$B$748,$A19,Checks!$G$5:$G$748,"UPLIFT"),"n/a") -> 0 | AN19: =IFERROR(SUMIFS(Checks!$AJ$5:$AJ$748,Checks!$B$5:$B$748,$A19)/SUMIFS(Checks!$AI$5:$AI$748,Checks!$B$5:$B$748,$A19),"n/a") -> 0 | AO19: =AW19-AV19 -> 24 | AP19: =SUMIFS(Checks!$AK$5:$AK$748,Checks!$B$5:$B$748,$A19) -> 0 | AQ19: =SUMIFS(Checks!$AL$5:$AL$748,Checks!$B$5:$B$748,$A19) -> 0 | AR19: =Documents!P19 -> 2 | AS19: =SUMIFS(Checks!$AN$5:$AN$748,Checks!$B$5:$B$748,$A19,Checks!$H$5:$H$748,"Preparation")+IF(AND(TRIM(L19)="A350",ISNA(MATCH(UPPER(SUBSTITUTE(SUBSTITUTE(TRIM(N19),"-","")," ","")),{"9MMAB","9MMAC","9MMAD","9MMAE","9MMAF","9MMAG","9MMAH"},0))),1,0) -> 2 | AT19: =IF(AND(AW19>0,AO19=0,AQ19=0,AR19=0,AS19=0,AU19=0),"READY",IF(AP19>0,"NOT READY – OVERDUE",IF(AQ19>0,"NOT READY – DISCREPANCY",IF(AU19>0,"NOT READY – INVALID ENTRY",IF(AR19>0,"NOT READY – DOCUMENTS",IF(AS19>0,"NOT READY – CLARIFICATION",IF(AND(AV19>0,SUMIFS(Checks!$AJ$5:$AJ$748,Checks!$B$5:$B$748,$A19,Checks!$H$5:$H$748,"Preparation")=SUMIFS(Checks!$AI$5:$AI$748,Checks!$B$5:$B$748,$A19,Checks!$H$5:$H$748,"Preparation")),"PREP DONE – AWAITING UPLIFT",IF(AV19=0,"NOT STARTED","IN PROGRESS")))))))) -> NOT READY – DOCUMENTS | AU19: =SUMIFS(Checks!$AM$5:$AM$748,Checks!$B$5:$B$748,$A19) -> 0 | AV19: =SUMIFS(Checks!$AJ$5:$AJ$748,Checks!$B$5:$B$748,$A19) -> 0 | AW19: =SUMIFS(Checks!$AI$5:$AI$748,Checks!$B$5:$B$748,$A19) -> 24 | AX19: n/a | AY19: n/a | AZ19: n/a | BA19: =IFERROR(1/(1/_xlfn.MINIFS(Checks!$AG$5:$AG$748,Checks!$B$5:$B$748,$A19,Checks!$H$5:$H$748,"Physical uplift",Checks!$P$5:$P$748,$G19)),"") | BB19: =SUMIFS(Checks!$BG$5:$BG$748,Checks!$B$5:$B$748,$A19) -> 0
A20: F16 | B20: 3 | C20: 16 | D20: 46321 | E20: MON | F20: MH0072 | G20: KUL | H20: HKG | I20: 46321.382 | J20: 46321.552 | K20: EY | L20: B738MAX | M20: B737-8 (B7M8) | O20: 4C | P20: 2H 25M | Q20: Overnight HKG | R20: KUL/HKG/KUL | S20: ORIENTAL | T20: 1 Meal + DAT(Noodles Svc) (Meal) | U20: KUL/HKG | V20: KUL | Z20: =IF(AND(INDEX(TZ_DSTS,MATCH(G20,TZ_STN,0))<>"",(I20-INDEX(TZ_STD,MATCH(G20,TZ_STN,0))/24)>=INDEX(TZ_DSTS,MATCH(G20,TZ_STN,0)),(I20-INDEX(TZ_STD,MATCH(G20,TZ_STN,0))/24)<INDEX(TZ_DSTE,MATCH(G20,TZ_STN,0))),INDEX(TZ_DST,MATCH(G20,TZ_STN,0)),INDEX(TZ_STD,MATCH(G20,TZ_STN,0))) -> 8 | AA20: =I20-Z20/24 -> 46321.049 | AB20: =(J20-(IF(AND(INDEX(TZ_DSTS,MATCH(H20,TZ_STN,0))<>"",(J20-INDEX(TZ_STD,MATCH(H20,TZ_STN,0))/24)>=INDEX(TZ_DSTS,MATCH(H20,TZ_STN,0)),(J20-INDEX(TZ_STD,MATCH(H20,TZ_STN,0))/24)<INDEX(TZ_DSTE,MATCH(H20,TZ_STN,0))),INDEX(TZ_DST,MATCH(H20,TZ_STN,0)),INDEX(TZ_STD,MATCH(H20,TZ_STN,0))))/24-AA20)*24 -> 4.0833333 | AC20: =AA20-7 -> 46314.049 | AD20: =AA20-1 -> 46320.049 | AE20: =AA20-0.5 -> 46320.549 | AF20: =AA20 -> 46321.049 | AG20: =AC20+(IF(AND(INDEX(TZ_DSTS,MATCH(V20,TZ_STN,0))<>"",AC20>=INDEX(TZ_DSTS,MATCH(V20,TZ_STN,0)),AC20<INDEX(TZ_DSTE,MATCH(V20,TZ_STN,0))),INDEX(TZ_DST,MATCH(V20,TZ_STN,0)),INDEX(TZ_STD,MATCH(V20,TZ_STN,0))))/24 -> 46314.382 | AH20: =AD20+(IF(AND(INDEX(TZ_DSTS,MATCH(V20,TZ_STN,0))<>"",AD20>=INDEX(TZ_DSTS,MATCH(V20,TZ_STN,0)),AD20<INDEX(TZ_DSTE,MATCH(V20,TZ_STN,0))),INDEX(TZ_DST,MATCH(V20,TZ_STN,0)),INDEX(TZ_STD,MATCH(V20,TZ_STN,0))))/24 -> 46320.382 | AI20: =AE20+(IF(AND(INDEX(TZ_DSTS,MATCH(V20,TZ_STN,0))<>"",AE20>=INDEX(TZ_DSTS,MATCH(V20,TZ_STN,0)),AE20<INDEX(TZ_DSTE,MATCH(V20,TZ_STN,0))),INDEX(TZ_DST,MATCH(V20,TZ_STN,0)),INDEX(TZ_STD,MATCH(V20,TZ_STN,0))))/24 -> 46320.882 | AJ20: =IFERROR(SUMIFS(Checks!$AJ$5:$AJ$748,Checks!$B$5:$B$748,$A20,Checks!$G$5:$G$748,"T-7D")/SUMIFS(Checks!$AI$5:$AI$748,Checks!$B$5:$B$748,$A20,Checks!$G$5:$G$748,"T-7D"),"n/a") -> 0 | AK20: =IFERROR(SUMIFS(Checks!$AJ$5:$AJ$748,Checks!$B$5:$B$748,$A20,Checks!$G$5:$G$748,"T-24H")/SUMIFS(Checks!$AI$5:$AI$748,Checks!$B$5:$B$748,$A20,Checks!$G$5:$G$748,"T-24H"),"n/a") -> 0 | AL20: =IFERROR(SUMIFS(Checks!$AJ$5:$AJ$748,Checks!$B$5:$B$748,$A20,Checks!$G$5:$G$748,"T-12H PREP")/SUMIFS(Checks!$AI$5:$AI$748,Checks!$B$5:$B$748,$A20,Checks!$G$5:$G$748,"T-12H PREP"),"n/a") -> 0 | AM20: =IFERROR(SUMIFS(Checks!$AJ$5:$AJ$748,Checks!$B$5:$B$748,$A20,Checks!$G$5:$G$748,"UPLIFT")/SUMIFS(Checks!$AI$5:$AI$748,Checks!$B$5:$B$748,$A20,Checks!$G$5:$G$748,"UPLIFT"),"n/a") -> 0 | AN20: =IFERROR(SUMIFS(Checks!$AJ$5:$AJ$748,Checks!$B$5:$B$748,$A20)/SUMIFS(Checks!$AI$5:$AI$748,Checks!$B$5:$B$748,$A20),"n/a") -> 0 | AO20: =AW20-AV20 -> 24 | AP20: =SUMIFS(Checks!$AK$5:$AK$748,Checks!$B$5:$B$748,$A20) -> 0 | AQ20: =SUMIFS(Checks!$AL$5:$AL$748,Checks!$B$5:$B$748,$A20) -> 0 | AR20: =Documents!P20 -> 2 | AS20: =SUMIFS(Checks!$AN$5:$AN$748,Checks!$B$5:$B$748,$A20,Checks!$H$5:$H$748,"Preparation")+IF(AND(TRIM(L20)="A350",ISNA(MATCH(UPPER(SUBSTITUTE(SUBSTITUTE(TRIM(N20),"-","")," ","")),{"9MMAB","9MMAC","9MMAD","9MMAE","9MMAF","9MMAG","9MMAH"},0))),1,0) -> 1 | AT20: =IF(AND(AW20>0,AO20=0,AQ20=0,AR20=0,AS20=0,AU20=0),"READY",IF(AP20>0,"NOT READY – OVERDUE",IF(AQ20>0,"NOT READY – DISCREPANCY",IF(AU20>0,"NOT READY – INVALID ENTRY",IF(AR20>0,"NOT READY – DOCUMENTS",IF(AS20>0,"NOT READY – CLARIFICATION",IF(AND(AV20>0,SUMIFS(Checks!$AJ$5:$AJ$748,Checks!$B$5:$B$748,$A20,Checks!$H$5:$H$748,"Preparation")=SUMIFS(Checks!$AI$5:$AI$748,Checks!$B$5:$B$748,$A20,Checks!$H$5:$H$748,"Preparation")),"PREP DONE – AWAITING UPLIFT",IF(AV20=0,"NOT STARTED","IN PROGRESS")))))))) -> NOT READY – DOCUMENTS | AU20: =SUMIFS(Checks!$AM$5:$AM$748,Checks!$B$5:$B$748,$A20) -> 0 | AV20: =SUMIFS(Checks!$AJ$5:$AJ$748,Checks!$B$5:$B$748,$A20) -> 0 | AW20: =SUMIFS(Checks!$AI$5:$AI$748,Checks!$B$5:$B$748,$A20) -> 24 | AX20: n/a | AY20: n/a | AZ20: n/a | BA20: =IFERROR(1/(1/_xlfn.MINIFS(Checks!$AG$5:$AG$748,Checks!$B$5:$B$748,$A20,Checks!$H$5:$H$748,"Physical uplift",Checks!$P$5:$P$748,$G20)),"") | BB20: =SUMIFS(Checks!$BG$5:$BG$748,Checks!$B$5:$B$748,$A20) -> 0
A21: F17 | B21: 3 | C21: 17 | D21: 46322 | E21: TUE | F21: MH0073 | G21: HKG | H21: KUL | I21: 46322.618 | J21: 46322.788 | K21: BC | L21: B738MAX | M21: B737-8 (B7M8) | O21: 1C | P21: - | R21: KUL/HKG/KUL | S21: ORIENTAL | T21: 1 Meal + DAT(Noodles Svc) (Meal) | U21: KUL/HKG | V21: HKG | Z21: =IF(AND(INDEX(TZ_DSTS,MATCH(G21,TZ_STN,0))<>"",(I21-INDEX(TZ_STD,MATCH(G21,TZ_STN,0))/24)>=INDEX(TZ_DSTS,MATCH(G21,TZ_STN,0)),(I21-INDEX(TZ_STD,MATCH(G21,TZ_STN,0))/24)<INDEX(TZ_DSTE,MATCH(G21,TZ_STN,0))),INDEX(TZ_DST,MATCH(G21,TZ_STN,0)),INDEX(TZ_STD,MATCH(G21,TZ_STN,0))) -> 8 | AA21: =I21-Z21/24 -> 46322.285 | AB21: =(J21-(IF(AND(INDEX(TZ_DSTS,MATCH(H21,TZ_STN,0))<>"",(J21-INDEX(TZ_STD,MATCH(H21,TZ_STN,0))/24)>=INDEX(TZ_DSTS,MATCH(H21,TZ_STN,0)),(J21-INDEX(TZ_STD,MATCH(H21,TZ_STN,0))/24)<INDEX(TZ_DSTE,MATCH(H21,TZ_STN,0))),INDEX(TZ_DST,MATCH(H21,TZ_STN,0)),INDEX(TZ_STD,MATCH(H21,TZ_STN,0))))/24-AA21)*24 -> 4.0833333 | AC21: =AA21-7 -> 46315.285 | AD21: =AA21-1 -> 46321.285 | AE21: =AA21-0.5 -> 46321.785 | AF21: =AA21 -> 46322.285 | AG21: =AC21+(IF(AND(INDEX(TZ_DSTS,MATCH(V21,TZ_STN,0))<>"",AC21>=INDEX(TZ_DSTS,MATCH(V21,TZ_STN,0)),AC21<INDEX(TZ_DSTE,MATCH(V21,TZ_STN,0))),INDEX(TZ_DST,MATCH(V21,TZ_STN,0)),INDEX(TZ_STD,MATCH(V21,TZ_STN,0))))/24 -> 46315.618 | AH21: =AD21+(IF(AND(INDEX(TZ_DSTS,MATCH(V21,TZ_STN,0))<>"",AD21>=INDEX(TZ_DSTS,MATCH(V21,TZ_STN,0)),AD21<INDEX(TZ_DSTE,MATCH(V21,TZ_STN,0))),INDEX(TZ_DST,MATCH(V21,TZ_STN,0)),INDEX(TZ_STD,MATCH(V21,TZ_STN,0))))/24 -> 46321.618 | AI21: =AE21+(IF(AND(INDEX(TZ_DSTS,MATCH(V21,TZ_STN,0))<>"",AE21>=INDEX(TZ_DSTS,MATCH(V21,TZ_STN,0)),AE21<INDEX(TZ_DSTE,MATCH(V21,TZ_STN,0))),INDEX(TZ_DST,MATCH(V21,TZ_STN,0)),INDEX(TZ_STD,MATCH(V21,TZ_STN,0))))/24 -> 46322.118 | AJ21: =IFERROR(SUMIFS(Checks!$AJ$5:$AJ$748,Checks!$B$5:$B$748,$A21,Checks!$G$5:$G$748,"T-7D")/SUMIFS(Checks!$AI$5:$AI$748,Checks!$B$5:$B$748,$A21,Checks!$G$5:$G$748,"T-7D"),"n/a") -> 0 | AK21: =IFERROR(SUMIFS(Checks!$AJ$5:$AJ$748,Checks!$B$5:$B$748,$A21,Checks!$G$5:$G$748,"T-24H")/SUMIFS(Checks!$AI$5:$AI$748,Checks!$B$5:$B$748,$A21,Checks!$G$5:$G$748,"T-24H"),"n/a") -> 0 | AL21: =IFERROR(SUMIFS(Checks!$AJ$5:$AJ$748,Checks!$B$5:$B$748,$A21,Checks!$G$5:$G$748,"T-12H PREP")/SUMIFS(Checks!$AI$5:$AI$748,Checks!$B$5:$B$748,$A21,Checks!$G$5:$G$748,"T-12H PREP"),"n/a") -> 0 | AM21: =IFERROR(SUMIFS(Checks!$AJ$5:$AJ$748,Checks!$B$5:$B$748,$A21,Checks!$G$5:$G$748,"UPLIFT")/SUMIFS(Checks!$AI$5:$AI$748,Checks!$B$5:$B$748,$A21,Checks!$G$5:$G$748,"UPLIFT"),"n/a") -> 0 | AN21: =IFERROR(SUMIFS(Checks!$AJ$5:$AJ$748,Checks!$B$5:$B$748,$A21)/SUMIFS(Checks!$AI$5:$AI$748,Checks!$B$5:$B$748,$A21),"n/a") -> 0 | AO21: =AW21-AV21 -> 42 | AP21: =SUMIFS(Checks!$AK$5:$AK$748,Checks!$B$5:$B$748,$A21) -> 0 | AQ21: =SUMIFS(Checks!$AL$5:$AL$748,Checks!$B$5:$B$748,$A21) -> 0 | AR21: =Documents!P21 -> 2 | AS21: =SUMIFS(Checks!$AN$5:$AN$748,Checks!$B$5:$B$748,$A21,Checks!$H$5:$H$748,"Preparation")+IF(AND(TRIM(L21)="A350",ISNA(MATCH(UPPER(SUBSTITUTE(SUBSTITUTE(TRIM(N21),"-","")," ","")),{"9MMAB","9MMAC","9MMAD","9MMAE","9MMAF","9MMAG","9MMAH"},0))),1,0) -> 4 | AT21: =IF(AND(AW21>0,AO21=0,AQ21=0,AR21=0,AS21=0,AU21=0),"READY",IF(AP21>0,"NOT READY – OVERDUE",IF(AQ21>0,"NOT READY – DISCREPANCY",IF(AU21>0,"NOT READY – INVALID ENTRY",IF(AR21>0,"NOT READY – DOCUMENTS",IF(AS21>0,"NOT READY – CLARIFICATION",IF(AND(AV21>0,SUMIFS(Checks!$AJ$5:$AJ$748,Checks!$B$5:$B$748,$A21,Checks!$H$5:$H$748,"Preparation")=SUMIFS(Checks!$AI$5:$AI$748,Checks!$B$5:$B$748,$A21,Checks!$H$5:$H$748,"Preparation")),"PREP DONE – AWAITING UPLIFT",IF(AV21=0,"NOT STARTED","IN PROGRESS")))))))) -> NOT READY – DOCUMENTS | AU21: =SUMIFS(Checks!$AM$5:$AM$748,Checks!$B$5:$B$748,$A21) -> 0 | AV21: =SUMIFS(Checks!$AJ$5:$AJ$748,Checks!$B$5:$B$748,$A21) -> 0 | AW21: =SUMIFS(Checks!$AI$5:$AI$748,Checks!$B$5:$B$748,$A21) -> 42 | AY21: =ROUND((IF(ISNUMBER(AX21),AX21,$AA$20)-UpliftWindowH/24)*1440,0)/1440 -> 46320.799 | AZ21: =ROUND((AY21+UpliftWindowH/24+MIN($AB$20)/24)*1440,0)/1440 -> 46321.219 | BA21: =IFERROR(1/(1/_xlfn.MINIFS(Checks!$AG$5:$AG$748,Checks!$B$5:$B$748,$A21,Checks!$H$5:$H$748,"Physical uplift",Checks!$P$5:$P$748,$G21)),"") | BB21: =SUMIFS(Checks!$BG$5:$BG$748,Checks!$B$5:$B$748,$A21) -> 0
A22: F18 | B22: 3 | C22: 18 | D22: 46322 | E22: TUE | F22: MH0052 | G22: KUL | H22: KIX | I22: 46322.934 | J22: 46323.247 | K22: BC | L22: A333 | M22: A330-300 (A333) | O22: 1D | P22: 3H 30M | Q22: Overnight KIX | R22: KUL/KIX/KUL | S22: NORTH ASIA | T22: 1.5 Meal (Meal) | U22: KUL/KIX | V22: KUL | Z22: =IF(AND(INDEX(TZ_DSTS,MATCH(G22,TZ_STN,0))<>"",(I22-INDEX(TZ_STD,MATCH(G22,TZ_STN,0))/24)>=INDEX(TZ_DSTS,MATCH(G22,TZ_STN,0)),(I22-INDEX(TZ_STD,MATCH(G22,TZ_STN,0))/24)<INDEX(TZ_DSTE,MATCH(G22,TZ_STN,0))),INDEX(TZ_DST,MATCH(G22,TZ_STN,0)),INDEX(TZ_STD,MATCH(G22,TZ_STN,0))) -> 8 | AA22: =I22-Z22/24 -> 46322.601 | AB22: =(J22-(IF(AND(INDEX(TZ_DSTS,MATCH(H22,TZ_STN,0))<>"",(J22-INDEX(TZ_STD,MATCH(H22,TZ_STN,0))/24)>=INDEX(TZ_DSTS,MATCH(H22,TZ_STN,0)),(J22-INDEX(TZ_STD,MATCH(H22,TZ_STN,0))/24)<INDEX(TZ_DSTE,MATCH(H22,TZ_STN,0))),INDEX(TZ_DST,MATCH(H22,TZ_STN,0)),INDEX(TZ_STD,MATCH(H22,TZ_STN,0))))/24-AA22)*24 -> 6.5 | AC22: =AA22-7 -> 46315.601 | AD22: =AA22-1 -> 46321.601 | AE22: =AA22-0.5 -> 46322.101 | AF22: =AA22 -> 46322.601 | AG22: =AC22+(IF(AND(INDEX(TZ_DSTS,MATCH(V22,TZ_STN,0))<>"",AC22>=INDEX(TZ_DSTS,MATCH(V22,TZ_STN,0)),AC22<INDEX(TZ_DSTE,MATCH(V22,TZ_STN,0))),INDEX(TZ_DST,MATCH(V22,TZ_STN,0)),INDEX(TZ_STD,MATCH(V22,TZ_STN,0))))/24 -> 46315.934 | AH22: =AD22+(IF(AND(INDEX(TZ_DSTS,MATCH(V22,TZ_STN,0))<>"",AD22>=INDEX(TZ_DSTS,MATCH(V22,TZ_STN,0)),AD22<INDEX(TZ_DSTE,MATCH(V22,TZ_STN,0))),INDEX(TZ_DST,MATCH(V22,TZ_STN,0)),INDEX(TZ_STD,MATCH(V22,TZ_STN,0))))/24 -> 46321.934 | AI22: =AE22+(IF(AND(INDEX(TZ_DSTS,MATCH(V22,TZ_STN,0))<>"",AE22>=INDEX(TZ_DSTS,MATCH(V22,TZ_STN,0)),AE22<INDEX(TZ_DSTE,MATCH(V22,TZ_STN,0))),INDEX(TZ_DST,MATCH(V22,TZ_STN,0)),INDEX(TZ_STD,MATCH(V22,TZ_STN,0))))/24 -> 46322.434 | AJ22: =IFERROR(SUMIFS(Checks!$AJ$5:$AJ$748,Checks!$B$5:$B$748,$A22,Checks!$G$5:$G$748,"T-7D")/SUMIFS(Checks!$AI$5:$AI$748,Checks!$B$5:$B$748,$A22,Checks!$G$5:$G$748,"T-7D"),"n/a") -> 0 | AK22: =IFERROR(SUMIFS(Checks!$AJ$5:$AJ$748,Checks!$B$5:$B$748,$A22,Checks!$G$5:$G$748,"T-24H")/SUMIFS(Checks!$AI$5:$AI$748,Checks!$B$5:$B$748,$A22,Checks!$G$5:$G$748,"T-24H"),"n/a") -> 0 | AL22: =IFERROR(SUMIFS(Checks!$AJ$5:$AJ$748,Checks!$B$5:$B$748,$A22,Checks!$G$5:$G$748,"T-12H PREP")/SUMIFS(Checks!$AI$5:$AI$748,Checks!$B$5:$B$748,$A22,Checks!$G$5:$G$748,"T-12H PREP"),"n/a") -> 0 | AM22: =IFERROR(SUMIFS(Checks!$AJ$5:$AJ$748,Checks!$B$5:$B$748,$A22,Checks!$G$5:$G$748,"UPLIFT")/SUMIFS(Checks!$AI$5:$AI$748,Checks!$B$5:$B$748,$A22,Checks!$G$5:$G$748,"UPLIFT"),"n/a") -> 0 | AN22: =IFERROR(SUMIFS(Checks!$AJ$5:$AJ$748,Checks!$B$5:$B$748,$A22)/SUMIFS(Checks!$AI$5:$AI$748,Checks!$B$5:$B$748,$A22),"n/a") -> 0 | AO22: =AW22-AV22 -> 44 | AP22: =SUMIFS(Checks!$AK$5:$AK$748,Checks!$B$5:$B$748,$A22) -> 0 | AQ22: =SUMIFS(Checks!$AL$5:$AL$748,Checks!$B$5:$B$748,$A22) -> 0 | AR22: =Documents!P22 -> 2 | AS22: =SUMIFS(Checks!$AN$5:$AN$748,Checks!$B$5:$B$748,$A22,Checks!$H$5:$H$748,"Preparation")+IF(AND(TRIM(L22)="A350",ISNA(MATCH(UPPER(SUBSTITUTE(SUBSTITUTE(TRIM(N22),"-","")," ","")),{"9MMAB","9MMAC","9MMAD","9MMAE","9MMAF","9MMAG","9MMAH"},0))),1,0) -> 0 | AT22: =IF(AND(AW22>0,AO22=0,AQ22=0,AR22=0,AS22=0,AU22=0),"READY",IF(AP22>0,"NOT READY – OVERDUE",IF(AQ22>0,"NOT READY – DISCREPANCY",IF(AU22>0,"NOT READY – INVALID ENTRY",IF(AR22>0,"NOT READY – DOCUMENTS",IF(AS22>0,"NOT READY – CLARIFICATION",IF(AND(AV22>0,SUMIFS(Checks!$AJ$5:$AJ$748,Checks!$B$5:$B$748,$A22,Checks!$H$5:$H$748,"Preparation")=SUMIFS(Checks!$AI$5:$AI$748,Checks!$B$5:$B$748,$A22,Checks!$H$5:$H$748,"Preparation")),"PREP DONE – AWAITING UPLIFT",IF(AV22=0,"NOT STARTED","IN PROGRESS")))))))) -> NOT READY – DOCUMENTS | AU22: =SUMIFS(Checks!$AM$5:$AM$748,Checks!$B$5:$B$748,$A22) -> 0 | AV22: =SUMIFS(Checks!$AJ$5:$AJ$748,Checks!$B$5:$B$748,$A22) -> 0 | AW22: =SUMIFS(Checks!$AI$5:$AI$748,Checks!$B$5:$B$748,$A22) -> 44 | AX22: n/a | AY22: n/a | AZ22: n/a | BA22: =IFERROR(1/(1/_xlfn.MINIFS(Checks!$AG$5:$AG$748,Checks!$B$5:$B$748,$A22,Checks!$H$5:$H$748,"Physical uplift",Checks!$P$5:$P$748,$G22)),"") | BB22: =SUMIFS(Checks!$BG$5:$BG$748,Checks!$B$5:$B$748,$A22) -> 0
A23: F19 | B23: 3 | C23: 19 | D23: 46324 | E23: THU | F23: MH0053 | G23: KIX | H23: KUL | I23: 46324.403 | J23: 46324.698 | K23: EY | L23: A333 | M23: A330-300 (A333) | O23: 9C | P23: - | R23: KUL/KIX/KUL | S23: NORTH ASIA | T23: 1.5 Meal (Meal) | U23: KUL/KIX | V23: KIX | Z23: =IF(AND(INDEX(TZ_DSTS,MATCH(G23,TZ_STN,0))<>"",(I23-INDEX(TZ_STD,MATCH(G23,TZ_STN,0))/24)>=INDEX(TZ_DSTS,MATCH(G23,TZ_STN,0)),(I23-INDEX(TZ_STD,MATCH(G23,TZ_STN,0))/24)<INDEX(TZ_DSTE,MATCH(G23,TZ_STN,0))),INDEX(TZ_DST,MATCH(G23,TZ_STN,0)),INDEX(TZ_STD,MATCH(G23,TZ_STN,0))) -> 9 | AA23: =I23-Z23/24 -> 46324.028 | AB23: =(J23-(IF(AND(INDEX(TZ_DSTS,MATCH(H23,TZ_STN,0))<>"",(J23-INDEX(TZ_STD,MATCH(H23,TZ_STN,0))/24)>=INDEX(TZ_DSTS,MATCH(H23,TZ_STN,0)),(J23-INDEX(TZ_STD,MATCH(H23,TZ_STN,0))/24)<INDEX(TZ_DSTE,MATCH(H23,TZ_STN,0))),INDEX(TZ_DST,MATCH(H23,TZ_STN,0)),INDEX(TZ_STD,MATCH(H23,TZ_STN,0))))/24-AA23)*24 -> 8.0833333 | AC23: =AA23-7 -> 46317.028 | AD23: =AA23-1 -> 46323.028 | AE23: =AA23-0.5 -> 46323.528 | AF23: =AA23 -> 46324.028 | AG23: =AC23+(IF(AND(INDEX(TZ_DSTS,MATCH(V23,TZ_STN,0))<>"",AC23>=INDEX(TZ_DSTS,MATCH(V23,TZ_STN,0)),AC23<INDEX(TZ_DSTE,MATCH(V23,TZ_STN,0))),INDEX(TZ_DST,MATCH(V23,TZ_STN,0)),INDEX(TZ_STD,MATCH(V23,TZ_STN,0))))/24 -> 46317.403 | AH23: =AD23+(IF(AND(INDEX(TZ_DSTS,MATCH(V23,TZ_STN,0))<>"",AD23>=INDEX(TZ_DSTS,MATCH(V23,TZ_STN,0)),AD23<INDEX(TZ_DSTE,MATCH(V23,TZ_STN,0))),INDEX(TZ_DST,MATCH(V23,TZ_STN,0)),INDEX(TZ_STD,MATCH(V23,TZ_STN,0))))/24 -> 46323.403 | AI23: =AE23+(IF(AND(INDEX(TZ_DSTS,MATCH(V23,TZ_STN,0))<>"",AE23>=INDEX(TZ_DSTS,MATCH(V23,TZ_STN,0)),AE23<INDEX(TZ_DSTE,MATCH(V23,TZ_STN,0))),INDEX(TZ_DST,MATCH(V23,TZ_STN,0)),INDEX(TZ_STD,MATCH(V23,TZ_STN,0))))/24 -> 46323.903 | AJ23: =IFERROR(SUMIFS(Checks!$AJ$5:$AJ$748,Checks!$B$5:$B$748,$A23,Checks!$G$5:$G$748,"T-7D")/SUMIFS(Checks!$AI$5:$AI$748,Checks!$B$5:$B$748,$A23,Checks!$G$5:$G$748,"T-7D"),"n/a") -> 0 | AK23: =IFERROR(SUMIFS(Checks!$AJ$5:$AJ$748,Checks!$B$5:$B$748,$A23,Checks!$G$5:$G$748,"T-24H")/SUMIFS(Checks!$AI$5:$AI$748,Checks!$B$5:$B$748,$A23,Checks!$G$5:$G$748,"T-24H"),"n/a") -> 0 | AL23: =IFERROR(SUMIFS(Checks!$AJ$5:$AJ$748,Checks!$B$5:$B$748,$A23,Checks!$G$5:$G$748,"T-12H PREP")/SUMIFS(Checks!$AI$5:$AI$748,Checks!$B$5:$B$748,$A23,Checks!$G$5:$G$748,"T-12H PREP"),"n/a") -> 0 | AM23: =IFERROR(SUMIFS(Checks!$AJ$5:$AJ$748,Checks!$B$5:$B$748,$A23,Checks!$G$5:$G$748,"UPLIFT")/SUMIFS(Checks!$AI$5:$AI$748,Checks!$B$5:$B$748,$A23,Checks!$G$5:$G$748,"UPLIFT"),"n/a") -> 0 | AN23: =IFERROR(SUMIFS(Checks!$AJ$5:$AJ$748,Checks!$B$5:$B$748,$A23)/SUMIFS(Checks!$AI$5:$AI$748,Checks!$B$5:$B$748,$A23),"n/a") -> 0 | AO23: =AW23-AV23 -> 24 | AP23: =SUMIFS(Checks!$AK$5:$AK$748,Checks!$B$5:$B$748,$A23) -> 0 | AQ23: =SUMIFS(Checks!$AL$5:$AL$748,Checks!$B$5:$B$748,$A23) -> 0 | AR23: =Documents!P23 -> 2 | AS23: =SUMIFS(Checks!$AN$5:$AN$748,Checks!$B$5:$B$748,$A23,Checks!$H$5:$H$748,"Preparation")+IF(AND(TRIM(L23)="A350",ISNA(MATCH(UPPER(SUBSTITUTE(SUBSTITUTE(TRIM(N23),"-","")," ","")),{"9MMAB","9MMAC","9MMAD","9MMAE","9MMAF","9MMAG","9MMAH"},0))),1,0) -> 1 | AT23: =IF(AND(AW23>0,AO23=0,AQ23=0,AR23=0,AS23=0,AU23=0),"READY",IF(AP23>0,"NOT READY – OVERDUE",IF(AQ23>0,"NOT READY – DISCREPANCY",IF(AU23>0,"NOT READY – INVALID ENTRY",IF(AR23>0,"NOT READY – DOCUMENTS",IF(AS23>0,"NOT READY – CLARIFICATION",IF(AND(AV23>0,SUMIFS(Checks!$AJ$5:$AJ$748,Checks!$B$5:$B$748,$A23,Checks!$H$5:$H$748,"Preparation")=SUMIFS(Checks!$AI$5:$AI$748,Checks!$B$5:$B$748,$A23,Checks!$H$5:$H$748,"Preparation")),"PREP DONE – AWAITING UPLIFT",IF(AV23=0,"NOT STARTED","IN PROGRESS")))))))) -> NOT READY – DOCUMENTS | AU23: =SUMIFS(Checks!$AM$5:$AM$748,Checks!$B$5:$B$748,$A23) -> 0 | AV23: =SUMIFS(Checks!$AJ$5:$AJ$748,Checks!$B$5:$B$748,$A23) -> 0 | AW23: =SUMIFS(Checks!$AI$5:$AI$748,Checks!$B$5:$B$748,$A23) -> 24 | AX23: n/a | AY23: n/a | AZ23: n/a | BA23: =IFERROR(1/(1/_xlfn.MINIFS(Checks!$AG$5:$AG$748,Checks!$B$5:$B$748,$A23,Checks!$H$5:$H$748,"Physical uplift",Checks!$P$5:$P$748,$G23)),"") | BB23: =SUMIFS(Checks!$BG$5:$BG$748,Checks!$B$5:$B$748,$A23) -> 0
A24: F20 | B24: 3 | C24: 20 | D24: 46324 | E24: THU | F24: MH1450 | G24: KUL | H24: LGK | I24: 46324.771 | J24: 46324.833 | K24: EY | L24: B738MAX | M24: B737-8 (B7M8) | O24: 4A | P24: 1H 45M | Q24: Overnight LGK | R24: KUL/LGK/KUL | S24: DOMESTIC | T24: Refreshment (Peanut & Water) | U24: KUL | V24: KUL | Z24: =IF(AND(INDEX(TZ_DSTS,MATCH(G24,TZ_STN,0))<>"",(I24-INDEX(TZ_STD,MATCH(G24,TZ_STN,0))/24)>=INDEX(TZ_DSTS,MATCH(G24,TZ_STN,0)),(I24-INDEX(TZ_STD,MATCH(G24,TZ_STN,0))/24)<INDEX(TZ_DSTE,MATCH(G24,TZ_STN,0))),INDEX(TZ_DST,MATCH(G24,TZ_STN,0)),INDEX(TZ_STD,MATCH(G24,TZ_STN,0))) -> 8 | AA24: =I24-Z24/24 -> 46324.438 | AB24: =(J24-(IF(AND(INDEX(TZ_DSTS,MATCH(H24,TZ_STN,0))<>"",(J24-INDEX(TZ_STD,MATCH(H24,TZ_STN,0))/24)>=INDEX(TZ_DSTS,MATCH(H24,TZ_STN,0)),(J24-INDEX(TZ_STD,MATCH(H24,TZ_STN,0))/24)<INDEX(TZ_DSTE,MATCH(H24,TZ_STN,0))),INDEX(TZ_DST,MATCH(H24,TZ_STN,0)),INDEX(TZ_STD,MATCH(H24,TZ_STN,0))))/24-AA24)*24 -> 1.5 | AC24: =AA24-7 -> 46317.438 | AD24: =AA24-1 -> 46323.438 | AE24: =AA24-0.5 -> 46323.938 | AF24: =AA24 -> 46324.438 | AG24: =AC24+(IF(AND(INDEX(TZ_DSTS,MATCH(V24,TZ_STN,0))<>"",AC24>=INDEX(TZ_DSTS,MATCH(V24,TZ_STN,0)),AC24<INDEX(TZ_DSTE,MATCH(V24,TZ_STN,0))),INDEX(TZ_DST,MATCH(V24,TZ_STN,0)),INDEX(TZ_STD,MATCH(V24,TZ_STN,0))))/24 -> 46317.771 | AH24: =AD24+(IF(AND(INDEX(TZ_DSTS,MATCH(V24,TZ_STN,0))<>"",AD24>=INDEX(TZ_DSTS,MATCH(V24,TZ_STN,0)),AD24<INDEX(TZ_DSTE,MATCH(V24,TZ_STN,0))),INDEX(TZ_DST,MATCH(V24,TZ_STN,0)),INDEX(TZ_STD,MATCH(V24,TZ_STN,0))))/24 -> 46323.771 | AI24: =AE24+(IF(AND(INDEX(TZ_DSTS,MATCH(V24,TZ_STN,0))<>"",AE24>=INDEX(TZ_DSTS,MATCH(V24,TZ_STN,0)),AE24<INDEX(TZ_DSTE,MATCH(V24,TZ_STN,0))),INDEX(TZ_DST,MATCH(V24,TZ_STN,0)),INDEX(TZ_STD,MATCH(V24,TZ_STN,0))))/24 -> 46324.271 | AJ24: =IFERROR(SUMIFS(Checks!$AJ$5:$AJ$748,Checks!$B$5:$B$748,$A24,Checks!$G$5:$G$748,"T-7D")/SUMIFS(Checks!$AI$5:$AI$748,Checks!$B$5:$B$748,$A24,Checks!$G$5:$G$748,"T-7D"),"n/a") -> 0 | AK24: =IFERROR(SUMIFS(Checks!$AJ$5:$AJ$748,Checks!$B$5:$B$748,$A24,Checks!$G$5:$G$748,"T-24H")/SUMIFS(Checks!$AI$5:$AI$748,Checks!$B$5:$B$748,$A24,Checks!$G$5:$G$748,"T-24H"),"n/a") -> 0 | AL24: =IFERROR(SUMIFS(Checks!$AJ$5:$AJ$748,Checks!$B$5:$B$748,$A24,Checks!$G$5:$G$748,"T-12H PREP")/SUMIFS(Checks!$AI$5:$AI$748,Checks!$B$5:$B$748,$A24,Checks!$G$5:$G$748,"T-12H PREP"),"n/a") -> 0 | AM24: =IFERROR(SUMIFS(Checks!$AJ$5:$AJ$748,Checks!$B$5:$B$748,$A24,Checks!$G$5:$G$748,"UPLIFT")/SUMIFS(Checks!$AI$5:$AI$748,Checks!$B$5:$B$748,$A24,Checks!$G$5:$G$748,"UPLIFT"),"n/a") -> 0 | AN24: =IFERROR(SUMIFS(Checks!$AJ$5:$AJ$748,Checks!$B$5:$B$748,$A24)/SUMIFS(Checks!$AI$5:$AI$748,Checks!$B$5:$B$748,$A24),"n/a") -> 0 | AO24: =AW24-AV24 -> 20 | AP24: =SUMIFS(Checks!$AK$5:$AK$748,Checks!$B$5:$B$748,$A24) -> 0 | AQ24: =SUMIFS(Checks!$AL$5:$AL$748,Checks!$B$5:$B$748,$A24) -> 0 | AR24: =Documents!P24 -> 2 | AS24: =SUMIFS(Checks!$AN$5:$AN$748,Checks!$B$5:$B$748,$A24,Checks!$H$5:$H$748,"Preparation")+IF(AND(TRIM(L24)="A350",ISNA(MATCH(UPPER(SUBSTITUTE(SUBSTITUTE(TRIM(N24),"-","")," ","")),{"9MMAB","9MMAC","9MMAD","9MMAE","9MMAF","9MMAG","9MMAH"},0))),1,0) -> 0 | AT24: =IF(AND(AW24>0,AO24=0,AQ24=0,AR24=0,AS24=0,AU24=0),"READY",IF(AP24>0,"NOT READY – OVERDUE",IF(AQ24>0,"NOT READY – DISCREPANCY",IF(AU24>0,"NOT READY – INVALID ENTRY",IF(AR24>0,"NOT READY – DOCUMENTS",IF(AS24>0,"NOT READY – CLARIFICATION",IF(AND(AV24>0,SUMIFS(Checks!$AJ$5:$AJ$748,Checks!$B$5:$B$748,$A24,Checks!$H$5:$H$748,"Preparation")=SUMIFS(Checks!$AI$5:$AI$748,Checks!$B$5:$B$748,$A24,Checks!$H$5:$H$748,"Preparation")),"PREP DONE – AWAITING UPLIFT",IF(AV24=0,"NOT STARTED","IN PROGRESS")))))))) -> NOT READY – DOCUMENTS | AU24: =SUMIFS(Checks!$AM$5:$AM$748,Checks!$B$5:$B$748,$A24) -> 0 | AV24: =SUMIFS(Checks!$AJ$5:$AJ$748,Checks!$B$5:$B$748,$A24) -> 0 | AW24: =SUMIFS(Checks!$AI$5:$AI$748,Checks!$B$5:$B$748,$A24) -> 20 | AX24: n/a | AY24: n/a | AZ24: n/a | BA24: =IFERROR(1/(1/_xlfn.MINIFS(Checks!$AG$5:$AG$748,Checks!$B$5:$B$748,$A24,Checks!$H$5:$H$748,"Physical uplift",Checks!$P$5:$P$748,$G24)),"") | BB24: =SUMIFS(Checks!$BG$5:$BG$748,Checks!$B$5:$B$748,$A24) -> 0
A25: F21 | B25: 3 | C25: 21 | D25: 46325 | E25: FRI | F25: MH1437 | G25: LGK | H25: KUL | I25: 46325.615 | J25: 46325.67 | K25: BC | L25: B738MAX | M25: B737-8 (B7M8) | O25: 1C | P25: - | R25: KUL/LGK/KUL | S25: DOMESTIC | T25: Refreshment (Peanut & Water) | U25: KUL | V25: KUL | W25: F20 | Z25: =IF(AND(INDEX(TZ_DSTS,MATCH(G25,TZ_STN,0))<>"",(I25-INDEX(TZ_STD,MATCH(G25,TZ_STN,0))/24)>=INDEX(TZ_DSTS,MATCH(G25,TZ_STN,0)),(I25-INDEX(TZ_STD,MATCH(G25,TZ_STN,0))/24)<INDEX(TZ_DSTE,MATCH(G25,TZ_STN,0))),INDEX(TZ_DST,MATCH(G25,TZ_STN,0)),INDEX(TZ_STD,MATCH(G25,TZ_STN,0))) -> 8 | AA25: =I25-Z25/24 -> 46325.281 | AB25: =(J25-(IF(AND(INDEX(TZ_DSTS,MATCH(H25,TZ_STN,0))<>"",(J25-INDEX(TZ_STD,MATCH(H25,TZ_STN,0))/24)>=INDEX(TZ_DSTS,MATCH(H25,TZ_STN,0)),(J25-INDEX(TZ_STD,MATCH(H25,TZ_STN,0))/24)<INDEX(TZ_DSTE,MATCH(H25,TZ_STN,0))),INDEX(TZ_DST,MATCH(H25,TZ_STN,0)),INDEX(TZ_STD,MATCH(H25,TZ_STN,0))))/24-AA25)*24 -> 1.3333333 | AC25: =AA25-7 -> 46318.281 | AD25: =MIN(AA25-1,AY25) -> 46324.188 | AE25: =MIN(AA25-0.5,AY25) -> 46324.188 | AF25: =AA25 -> 46325.281 | AG25: =AC25+(IF(AND(INDEX(TZ_DSTS,MATCH(V25,TZ_STN,0))<>"",AC25>=INDEX(TZ_DSTS,MATCH(V25,TZ_STN,0)),AC25<INDEX(TZ_DSTE,MATCH(V25,TZ_STN,0))),INDEX(TZ_DST,MATCH(V25,TZ_STN,0)),INDEX(TZ_STD,MATCH(V25,TZ_STN,0))))/24 -> 46318.615 | AH25: =AD25+(IF(AND(INDEX(TZ_DSTS,MATCH(V25,TZ_STN,0))<>"",AD25>=INDEX(TZ_DSTS,MATCH(V25,TZ_STN,0)),AD25<INDEX(TZ_DSTE,MATCH(V25,TZ_STN,0))),INDEX(TZ_DST,MATCH(V25,TZ_STN,0)),INDEX(TZ_STD,MATCH(V25,TZ_STN,0))))/24 -> 46324.521 | AI25: =AE25+(IF(AND(INDEX(TZ_DSTS,MATCH(V25,TZ_STN,0))<>"",AE25>=INDEX(TZ_DSTS,MATCH(V25,TZ_STN,0)),AE25<INDEX(TZ_DSTE,MATCH(V25,TZ_STN,0))),INDEX(TZ_DST,MATCH(V25,TZ_STN,0)),INDEX(TZ_STD,MATCH(V25,TZ_STN,0))))/24 -> 46324.521 | AJ25: =IFERROR(SUMIFS(Checks!$AJ$5:$AJ$748,Checks!$B$5:$B$748,$A25,Checks!$G$5:$G$748,"T-7D")/SUMIFS(Checks!$AI$5:$AI$748,Checks!$B$5:$B$748,$A25,Checks!$G$5:$G$748,"T-7D"),"n/a") -> 0 | AK25: =IFERROR(SUMIFS(Checks!$AJ$5:$AJ$748,Checks!$B$5:$B$748,$A25,Checks!$G$5:$G$748,"T-24H")/SUMIFS(Checks!$AI$5:$AI$748,Checks!$B$5:$B$748,$A25,Checks!$G$5:$G$748,"T-24H"),"n/a") -> 0 | AL25: =IFERROR(SUMIFS(Checks!$AJ$5:$AJ$748,Checks!$B$5:$B$748,$A25,Checks!$G$5:$G$748,"T-12H PREP")/SUMIFS(Checks!$AI$5:$AI$748,Checks!$B$5:$B$748,$A25,Checks!$G$5:$G$748,"T-12H PREP"),"n/a") -> 0 | AM25: =IFERROR(SUMIFS(Checks!$AJ$5:$AJ$748,Checks!$B$5:$B$748,$A25,Checks!$G$5:$G$748,"UPLIFT")/SUMIFS(Checks!$AI$5:$AI$748,Checks!$B$5:$B$748,$A25,Checks!$G$5:$G$748,"UPLIFT"),"n/a") -> 0 | AN25: =IFERROR(SUMIFS(Checks!$AJ$5:$AJ$748,Checks!$B$5:$B$748,$A25)/SUMIFS(Checks!$AI$5:$AI$748,Checks!$B$5:$B$748,$A25),"n/a") -> 0 | AO25: =AW25-AV25 -> 36 | AP25: =SUMIFS(Checks!$AK$5:$AK$748,Checks!$B$5:$B$748,$A25) -> 0 | AQ25: =SUMIFS(Checks!$AL$5:$AL$748,Checks!$B$5:$B$748,$A25) -> 0 | AR25: =Documents!P25 -> 2 | AS25: =SUMIFS(Checks!$AN$5:$AN$748,Checks!$B$5:$B$748,$A25,Checks!$H$5:$H$748,"Preparation")+IF(AND(TRIM(L25)="A350",ISNA(MATCH(UPPER(SUBSTITUTE(SUBSTITUTE(TRIM(N25),"-","")," ","")),{"9MMAB","9MMAC","9MMAD","9MMAE","9MMAF","9MMAG","9MMAH"},0))),1,0) -> 1 | AT25: =IF(AND(AW25>0,AO25=0,AQ25=0,AR25=0,AS25=0,AU25=0),"READY",IF(AP25>0,"NOT READY – OVERDUE",IF(AQ25>0,"NOT READY – DISCREPANCY",IF(AU25>0,"NOT READY – INVALID ENTRY",IF(AR25>0,"NOT READY – DOCUMENTS",IF(AS25>0,"NOT READY – CLARIFICATION",IF(AND(AV25>0,SUMIFS(Checks!$AJ$5:$AJ$748,Checks!$B$5:$B$748,$A25,Checks!$H$5:$H$748,"Preparation")=SUMIFS(Checks!$AI$5:$AI$748,Checks!$B$5:$B$748,$A25,Checks!$H$5:$H$748,"Preparation")),"PREP DONE – AWAITING UPLIFT",IF(AV25=0,"NOT STARTED","IN PROGRESS")))))))) -> NOT READY – DOCUMENTS | AU25: =SUMIFS(Checks!$AM$5:$AM$748,Checks!$B$5:$B$748,$A25) -> 0 | AV25: =SUMIFS(Checks!$AJ$5:$AJ$748,Checks!$B$5:$B$748,$A25) -> 0 | AW25: =SUMIFS(Checks!$AI$5:$AI$748,Checks!$B$5:$B$748,$A25) -> 36 | AY25: =ROUND((IF(ISNUMBER(AX25),AX25,$AA$24)-UpliftWindowH/24)*1440,0)/1440 -> 46324.188 | AZ25: =ROUND((AY25+UpliftWindowH/24+MIN($AB$24)/24)*1440,0)/1440 -> 46324.5 | BA25: =IFERROR(1/(1/_xlfn.MINIFS(Checks!$AG$5:$AG$748,Checks!$B$5:$B$748,$A25,Checks!$H$5:$H$748,"Physical uplift",Checks!$P$5:$P$748,$G25)),"") | BB25: =SUMIFS(Checks!$BG$5:$BG$748,Checks!$B$5:$B$748,$A25) -> 0
A26: F22 | B26: 3 | C26: 22 | D26: 46325 | E26: FRI | F26: MH0002 | G26: KUL | H26: LHR | I26: 46325.972 | J26: 46326.247 | K26: BC | L26: A350 | M26: A350-900: A359 (9M-MAB..MAG) or A350 (9M-MAH) - tail to confirm | O26: 5A | P26: 7H 15M | R26: KUL/LHR/KUL | S26: EUR | T26: 2.5 Meal (Meal) | U26: KUL/LHR | V26: KUL | Z26: =IF(AND(INDEX(TZ_DSTS,MATCH(G26,TZ_STN,0))<>"",(I26-INDEX(TZ_STD,MATCH(G26,TZ_STN,0))/24)>=INDEX(TZ_DSTS,MATCH(G26,TZ_STN,0)),(I26-INDEX(TZ_STD,MATCH(G26,TZ_STN,0))/24)<INDEX(TZ_DSTE,MATCH(G26,TZ_STN,0))),INDEX(TZ_DST,MATCH(G26,TZ_STN,0)),INDEX(TZ_STD,MATCH(G26,TZ_STN,0))) -> 8 | AA26: =I26-Z26/24 -> 46325.639 | AB26: =(J26-(IF(AND(INDEX(TZ_DSTS,MATCH(H26,TZ_STN,0))<>"",(J26-INDEX(TZ_STD,MATCH(H26,TZ_STN,0))/24)>=INDEX(TZ_DSTS,MATCH(H26,TZ_STN,0)),(J26-INDEX(TZ_STD,MATCH(H26,TZ_STN,0))/24)<INDEX(TZ_DSTE,MATCH(H26,TZ_STN,0))),INDEX(TZ_DST,MATCH(H26,TZ_STN,0)),INDEX(TZ_STD,MATCH(H26,TZ_STN,0))))/24-AA26)*24 -> 14.583333 | AC26: =AA26-7 -> 46318.639 | AD26: =AA26-1 -> 46324.639 | AE26: =AA26-0.5 -> 46325.139 | AF26: =AA26 -> 46325.639 | AG26: =AC26+(IF(AND(INDEX(TZ_DSTS,MATCH(V26,TZ_STN,0))<>"",AC26>=INDEX(TZ_DSTS,MATCH(V26,TZ_STN,0)),AC26<INDEX(TZ_DSTE,MATCH(V26,TZ_STN,0))),INDEX(TZ_DST,MATCH(V26,TZ_STN,0)),INDEX(TZ_STD,MATCH(V26,TZ_STN,0))))/24 -> 46318.972 | AH26: =AD26+(IF(AND(INDEX(TZ_DSTS,MATCH(V26,TZ_STN,0))<>"",AD26>=INDEX(TZ_DSTS,MATCH(V26,TZ_STN,0)),AD26<INDEX(TZ_DSTE,MATCH(V26,TZ_STN,0))),INDEX(TZ_DST,MATCH(V26,TZ_STN,0)),INDEX(TZ_STD,MATCH(V26,TZ_STN,0))))/24 -> 46324.972 | AI26: =AE26+(IF(AND(INDEX(TZ_DSTS,MATCH(V26,TZ_STN,0))<>"",AE26>=INDEX(TZ_DSTS,MATCH(V26,TZ_STN,0)),AE26<INDEX(TZ_DSTE,MATCH(V26,TZ_STN,0))),INDEX(TZ_DST,MATCH(V26,TZ_STN,0)),INDEX(TZ_STD,MATCH(V26,TZ_STN,0))))/24 -> 46325.472 | AJ26: =IFERROR(SUMIFS(Checks!$AJ$5:$AJ$748,Checks!$B$5:$B$748,$A26,Checks!$G$5:$G$748,"T-7D")/SUMIFS(Checks!$AI$5:$AI$748,Checks!$B$5:$B$748,$A26,Checks!$G$5:$G$748,"T-7D"),"n/a") -> 0 | AK26: =IFERROR(SUMIFS(Checks!$AJ$5:$AJ$748,Checks!$B$5:$B$748,$A26,Checks!$G$5:$G$748,"T-24H")/SUMIFS(Checks!$AI$5:$AI$748,Checks!$B$5:$B$748,$A26,Checks!$G$5:$G$748,"T-24H"),"n/a") -> 0 | AL26: =IFERROR(SUMIFS(Checks!$AJ$5:$AJ$748,Checks!$B$5:$B$748,$A26,Checks!$G$5:$G$748,"T-12H PREP")/SUMIFS(Checks!$AI$5:$AI$748,Checks!$B$5:$B$748,$A26,Checks!$G$5:$G$748,"T-12H PREP"),"n/a") -> 0 | AM26: =IFERROR(SUMIFS(Checks!$AJ$5:$AJ$748,Checks!$B$5:$B$748,$A26,Checks!$G$5:$G$748,"UPLIFT")/SUMIFS(Checks!$AI$5:$AI$748,Checks!$B$5:$B$748,$A26,Checks!$G$5:$G$748,"UPLIFT"),"n/a") -> 0 | AN26: =IFERROR(SUMIFS(Checks!$AJ$5:$AJ$748,Checks!$B$5:$B$748,$A26)/SUMIFS(Checks!$AI$5:$AI$748,Checks!$B$5:$B$748,$A26),"n/a") -> 0 | AO26: =AW26-AV26 -> 46 | AP26: =SUMIFS(Checks!$AK$5:$AK$748,Checks!$B$5:$B$748,$A26) -> 0 | AQ26: =SUMIFS(Checks!$AL$5:$AL$748,Checks!$B$5:$B$748,$A26) -> 0 | AR26: =Documents!P26 -> 2 | AS26: =SUMIFS(Checks!$AN$5:$AN$748,Checks!$B$5:$B$748,$A26,Checks!$H$5:$H$748,"Preparation")+IF(AND(TRIM(L26)="A350",ISNA(MATCH(UPPER(SUBSTITUTE(SUBSTITUTE(TRIM(N26),"-","")," ","")),{"9MMAB","9MMAC","9MMAD","9MMAE","9MMAF","9MMAG","9MMAH"},0))),1,0) -> 2 | AT26: =IF(AND(AW26>0,AO26=0,AQ26=0,AR26=0,AS26=0,AU26=0),"READY",IF(AP26>0,"NOT READY – OVERDUE",IF(AQ26>0,"NOT READY – DISCREPANCY",IF(AU26>0,"NOT READY – INVALID ENTRY",IF(AR26>0,"NOT READY – DOCUMENTS",IF(AS26>0,"NOT READY – CLARIFICATION",IF(AND(AV26>0,SUMIFS(Checks!$AJ$5:$AJ$748,Checks!$B$5:$B$748,$A26,Checks!$H$5:$H$748,"Preparation")=SUMIFS(Checks!$AI$5:$AI$748,Checks!$B$5:$B$748,$A26,Checks!$H$5:$H$748,"Preparation")),"PREP DONE – AWAITING UPLIFT",IF(AV26=0,"NOT STARTED","IN PROGRESS")))))))) -> NOT READY – DOCUMENTS | AU26: =SUMIFS(Checks!$AM$5:$AM$748,Checks!$B$5:$B$748,$A26) -> 0 | AV26: =SUMIFS(Checks!$AJ$5:$AJ$748,Checks!$B$5:$B$748,$A26) -> 0 | AW26: =SUMIFS(Checks!$AI$5:$AI$748,Checks!$B$5:$B$748,$A26) -> 46 | AX26: n/a | AY26: n/a | AZ26: n/a | BA26: =IFERROR(1/(1/_xlfn.MINIFS(Checks!$AG$5:$AG$748,Checks!$B$5:$B$748,$A26,Checks!$H$5:$H$748,"Physical uplift",Checks!$P$5:$P$748,$G26)),"") | BB26: =SUMIFS(Checks!$BG$5:$BG$748,Checks!$B$5:$B$748,$A26) -> 0

Sheet Checks
A1: Check register
D2: Every readiness record for every flight (single source of truth). Enter results only in the yellow columns S–AE. Blank never counts as complete. Pass requires completion time, evidence and verifier (plus batch ID / quantities where required). N/A requires justification and verifier.
A4: Check ID | B4: Flight ID | C4: Flight No | D4: Date | E4: Sector | F4: Class | G4: Checkpoint | H4: Check type | I4: Category | J4: Check item | K4: Requirement / expected (reference) | L4: Source reference | M4: Item uplift stn | N4: Applicability | O4: Rule note / clarification question | P4: Check station | Q4: Due (UTC) | R4: Due (local @ check stn) | S4: Evidence type | T4: PIC | U4: Status | V4: Result / assessment | W4: Batch ID (T-24H) | X4: Expected qty | Y4: Actual qty | Z4: Evidence ID / reference | AA4: Corrective action | AB4: CA status | AC4: N/A justification | AD4: Completion time (local @ check stn) | AE4: Verifier | AF4: Qty variance | AG4: Completion (UTC) | AH4: RECORD STATE | AI4: In scope | AJ4: Complete | AK4: Overdue | AL4: Open discrepancy | AM4: Invalid | AN4: Clarification open | AO4: Overdue seq | AP4: Discrepancy seq | AQ4: Req batch | AR4: Req qty | AS4: Req doc | AT4: N/A permitted | AU4: n PIC | AV4: n Result | AW4: n Evidence | AX4: n Verifier | AY4: n Batch | AZ4: n N/A just. | BA4: n CA | BB4: CA / qty messages | BC4: s Result | BD4: s Evidence | BE4: s Batch | BF4: s N/A just. | BG4: Wording flag | BH4: Pending: result | BI4: Pending: evidence | BJ4: Pending: batch | BK4: Pending: N/A just. | BL4: Evidence has ref | BM4: d Evidence | BN4: a Evidence | BO4: d Batch | BP4: a Batch | BQ4: Batch has ID | BR4: (spare) | BS4: (spare) | BT4: (spare) | BU4: (spare) | BV4: Not on board | BW4: (spare) | BX4: (spare) | BY4: Earliest valid (UTC) | BZ4: Evidence ID shape ok
A5: F01-T7-01 | B5: F01 | C5: =Flights!$F$5 -> MH0001 | D5: =Flights!$D$5 -> 46303 | E5: =Flights!$G$5&"-"&Flights!$H$5 -> LHR-KUL | F5: =Flights!$K$5 -> EY | G5: T-7D | H5: Preparation | I5: Meal | J5: Meal sensory testing completed for this flight's menu cycle (assessed class) | K5: Record panel result / score in Result | L5: User brief (T-7 days) | N5: Required | P5: LHR | Q5: =ROUND((Flights!$AC$5)*1440,0)/1440 -> 46296.858 | R5: =Q5+(IF(AND(INDEX(TZ_DSTS,MATCH(P5,TZ_STN,0))<>"",Q5>=INDEX(TZ_DSTS,MATCH(P5,TZ_STN,0)),Q5<INDEX(TZ_DSTE,MATCH(P5,TZ_STN,0))),INDEX(TZ_DST,MATCH(P5,TZ_STN,0)),INDEX(TZ_STD,MATCH(P5,TZ_STN,0))))/24 -> 46296.899 | AF5: =IF(AND(ISNUMBER(X5),ISNUMBER(Y5)),Y5-X5,"") | AG5: =IF(ISNUMBER(AD5),AD5-(IF(AND(INDEX(TZ_DSTS,MATCH(P5,TZ_STN,0))<>"",(AD5-INDEX(TZ_STD,MATCH(P5,TZ_STN,0))/24)>=INDEX(TZ_DSTS,MATCH(P5,TZ_STN,0)),(AD5-INDEX(TZ_STD,MATCH(P5,TZ_STN,0))/24)<INDEX(TZ_DSTE,MATCH(P5,TZ_STN,0))),INDEX(TZ_DST,MATCH(P5,TZ_STN,0)),INDEX(TZ_STD,MATCH(P5,TZ_STN,0))))/24,"") | AH5: =IFERROR(IF(N5="N/A – rule",IF(OR(TRIM(U5)="",TRIM(U5)="N/A",TRIM(U5)="Not started"),"N/A – RULE","INVALID – this check does not apply to this aircraft: clear the status (or correct the fleet on Flights)"),IF(TRIM(U5)="N/A",IF(AT5=0,"INVALID – N/A not permitted for this check",IF(AND(TRIM(AB5)<>"",TRIM(AB5)<>"Closed"),"INVALID – corrective action still open",IF(AND(NOT(OR(LEN(AZ5)<15,ISNUMBER(MATCH(AZ5,L_Placeholder,0)))),BK5=0,CG5>=8,NOT(OR(LEN(AU5)<2,ISNUMBER(MATCH(AU5,L_Placeholder,0)))),BR5>=3,NOT(OR(LEN(AX5)<2,ISNUMBER(MATCH(AX5,L_Placeholder,0)))),BS5>=3,TRIM(AE5)<>TRIM(T5),AX5<>AU5,CE5=0),"N/A – JUSTIFIED","INVALID – N/A needs a real, settled reason (not 'not applicable' / 'as above' / TBC), a named PIC and a different named verifier"))),IF(OR(TRIM(U5)="Pass",TRIM(U5)="Pass after CA"),IF(NOT(ISNUMBER(AD5)),"INVALID – completion time missing",IF(OR(OR(LEN(AU5)<2,ISNUMBER(MATCH(AU5,L_Placeholder,0))),BR5<3),"INVALID – PIC missing or not a named person (a role such as QA / CSM is not a name)",IF(OR(LEN(AV5)<2,ISNUMBER(MATCH(AV5,L_Placeholder,0))),"INVALID – result / assessment missing",IF(OR(OR(LEN(AW5)<3,ISNUMBER(MATCH(AW5,L_Placeholder,0))),SUMPRODUCT(--ISNUMBER(SEARCH(" "&L_EvidencePhrase&" ",BD5)))>0,BI5=1),"INVALID – evidence missing, placeholder or not yet on file",IF(ISNA(MATCH(TRIM(S5),L_EvidenceType,0)),"INVALID – choose the evidence type from the list (column S)",IF(BL5=0,"INVALID – evidence ID must be the record's own ID only (e.g. SF-2210, IMG_2231, 1045521); a link / file name needs type 'Link / file path'",IF(OR(OR(LEN(AX5)<2,ISNUMBER(MATCH(AX5,L_Placeholder,0))),BS5<3),"INVALID – verifier missing or not a named person (a role such as QA / CSM is not a name)",IF(OR(AX5=AU5,CE5=1,AND(LEN(AU5)>=4,ISNUMBER(SEARCH(AU5,AX5))),AND(LEN(AX5)>=4,ISNUMBER(SEARCH(AX5,AU5)))),"INVALID – verifier must be a different, named person (not the PIC or a role)",IF(BH5=1,"INVALID – result not yet available (awaiting / TBC)",IF(BG5=1,"INVALID – result describes a problem: record Fail, then Pass after CA (or reword if it is not a problem)",IF(BV5=1,"INVALID – wording says not on board: an on-board confirmation needs the item loaded",IF(AND(AQ5=1,OR(OR(LEN(AY5)<3,ISNUMBER(MATCH(AY5,L_Placeholder,0))),BJ5=1,BQ5=0)),"INVALID – batch ID missing, placeholder or not an ID (e.g. PASB-261008-BC-017)",IF(AND(AR5=1,OR(NOT(ISNUMBER(X5)),NOT(ISNUMBER(Y5)))),"INVALID – expected/actual qty missing",IF(AND(AR5=1,OR(X5<=0,Y5<0)),"INVALID – expected qty must be above 0 and actual not negative",IF(BB5<>"",BB5,IF(AND(AS5=1,Documents!$J$5<>"ON FILE"),"INVALID – GLD not on file (Documents sheet)",IF(AND(AS5=2,Documents!$O$5<>"ON FILE"),"INVALID – menu checklist not on file (Documents sheet)",IF(AND(AS5=3,NOT(ISNUMBER(Flights!$AX$5))),"INVALID – enter carrying flight KUL departure (Flights AX)",IF(AND(AS5=3,OR(Flights!$AZ$5>Flights!$AA$5,Flights!$AX$5<Flights!$AA$5-3)),"INVALID – carrying flight (Flights AX) cannot arrive before this leg's STD, or is over 3 days early",IF(AG5>AsOfUTC,"INVALID – completion time is in the future",IF(AND(ISNUMBER(BY5),AG5<BY5),IF(H5="Physical uplift","INVALID – before uplift window (cannot confirm loading)","INVALID – before valid window"),IF(AG5>Flights!$AA$5,"INVALID – completed after departure (cannot establish readiness)",IF(AND(H5="Preparation",AG5>=IF(ISNUMBER(Flights!$BA$5),MIN(Flights!$BA$5,Flights!$AA$5),Flights!$AA$5)),"INVALID – completed after loading / departure (cannot establish readiness)",IF(AND(H5="Physical uplift",AG5>Q5),"INVALID – recorded after the loading flight departed",IF(AG5>Q5,"COMPLETE – LATE","COMPLETE"))))))))))))))))))))))))),IF(TRIM(U5)="Fail","FAIL – DISCREPANCY",IF(AND(TRIM(U5)<>"",TRIM(U5)<>"Not started",TRIM(U5)<>"In progress"),"INVALID – unrecognised status (use the list)",IF(AsOfUTC>Q5,"OVERDUE",IF(N5="Clarification required","OPEN – CLARIFICATION","OPEN"))))))),"INVALID – error value in an input cell") -> OPEN | AI5: =IF(OR(AH5="N/A – RULE",AH5="N/A – JUSTIFIED"),0,1) -> 1 | AJ5: =IF(LEFT(AH5,8)="COMPLETE",1,0) -> 0 | AK5: =IF(AND(AI5=1,AJ5=0,AsOfUTC>Q5),1,0) -> 0 | AL5: =IFERROR(IF(AND(AI5=1,OR(TRIM(U5)="Fail",AND(TRIM(AB5)<>"",TRIM(AB5)<>"Closed"),AND(ISNUMBER(AF5),AF5<>0,TRIM(U5)<>"Pass after CA"))),1,0),1) -> 0 | AM5: =IF(LEFT(AH5,7)="INVALID",1,0) -> 0 | AN5: =IF(AND(N5="Clarification required",AI5=1,AJ5=0),1,0) -> 0 | AO5: =IF(AK5=1,SUM(AK$5:AK5),"") | AP5: =IF(AL5=1,SUM(AL$5:AL5),"") | AQ5: 0 | AR5: 0 | AS5: 0 | AT5: 0 | AU5: =SUBSTITUTE(SUBSTITUTE(SUBSTITUTE(SUBSTITUTE(SUBSTITUTE(SUBSTITUTE(SUBSTITUTE(SUBSTITUTE(SUBSTITUTE(SUBSTITUTE(SUBSTITUTE(SUBSTITUTE(SUBSTITUTE(SUBSTITUTE(SUBSTITUTE(SUBSTITUTE(LOWER(T5&""),CHAR(10),""),CHAR(13),""),CHAR(9),""),CHAR(160),"")," ",""),".",""),"-",""),"/",""),"?",""),"_",""),",",""),"[",""),"]",""),"(",""),")",""),"*","") | AV5: =SUBSTITUTE(SUBSTITUTE(SUBSTITUTE(SUBSTITUTE(SUBSTITUTE(SUBSTITUTE(SUBSTITUTE(SUBSTITUTE(SUBSTITUTE(SUBSTITUTE(SUBSTITUTE(SUBSTITUTE(SUBSTITUTE(SUBSTITUTE(SUBSTITUTE(SUBSTITUTE(LOWER(V5&""),CHAR(10),""),CHAR(13),""),CHAR(9),""),CHAR(160),"")," ",""),".",""),"-",""),"/",""),"?",""),"_",""),",",""),"[",""),"]",""),"(",""),")",""),"*","") | AW5: =SUBSTITUTE(SUBSTITUTE(SUBSTITUTE(SUBSTITUTE(SUBSTITUTE(SUBSTITUTE(SUBSTITUTE(SUBSTITUTE(SUBSTITUTE(SUBSTITUTE(SUBSTITUTE(SUBSTITUTE(SUBSTITUTE(SUBSTITUTE(SUBSTITUTE(SUBSTITUTE(LOWER(Z5&""),CHAR(10),""),CHAR(13),""),CHAR(9),""),CHAR(160),"")," ",""),".",""),"-",""),"/",""),"?",""),"_",""),",",""),"[",""),"]",""),"(",""),")",""),"*","") | AX5: =SUBSTITUTE(SUBSTITUTE(SUBSTITUTE(SUBSTITUTE(SUBSTITUTE(SUBSTITUTE(SUBSTITUTE(SUBSTITUTE(SUBSTITUTE(SUBSTITUTE(SUBSTITUTE(SUBSTITUTE(SUBSTITUTE(SUBSTITUTE(SUBSTITUTE(SUBSTITUTE(LOWER(AE5&""),CHAR(10),""),CHAR(13),""),CHAR(9),""),CHAR(160),"")," ",""),".",""),"-",""),"/",""),"?",""),"_",""),",",""),"[",""),"]",""),"(",""),")",""),"*","") | AY5: =SUBSTITUTE(SUBSTITUTE(SUBSTITUTE(SUBSTITUTE(SUBSTITUTE(SUBSTITUTE(SUBSTITUTE(SUBSTITUTE(SUBSTITUTE(SUBSTITUTE(SUBSTITUTE(SUBSTITUTE(SUBSTITUTE(SUBSTITUTE(SUBSTITUTE(SUBSTITUTE(LOWER(W5&""),CHAR(10),""),CHAR(13),""),CHAR(9),""),CHAR(160),"")," ",""),".",""),"-",""),"/",""),"?",""),"_",""),",",""),"[",""),"]",""),"(",""),")",""),"*","") | AZ5: =SUBSTITUTE(SUBSTITUTE(SUBSTITUTE(SUBSTITUTE(SUBSTITUTE(SUBSTITUTE(SUBSTITUTE(SUBSTITUTE(SUBSTITUTE(SUBSTITUTE(SUBSTITUTE(SUBSTITUTE(SUBSTITUTE(SUBSTITUTE(SUBSTITUTE(SUBSTITUTE(LOWER(AC5&""),CHAR(10),""),CHAR(13),""),CHAR(9),""),CHAR(160),"")," ",""),".",""),"-",""),"/",""),"?",""),"_",""),",",""),"[",""),"]",""),"(",""),")",""),"*","") | BA5: =SUBSTITUTE(SUBSTITUTE(SUBSTITUTE(SUBSTITUTE(SUBSTITUTE(SUBSTITUTE(SUBSTITUTE(SUBSTITUTE(SUBSTITUTE(SUBSTITUTE(SUBSTITUTE(SUBSTITUTE(SUBSTITUTE(SUBSTITUTE(SUBSTITUTE(SUBSTITUTE(LOWER(AA5&""),CHAR(10),""),CHAR(13),""),CHAR(9),""),CHAR(160),"")," ",""),".",""),"-",""),"/",""),"?",""),"_",""),",",""),"[",""),"]",""),"(",""),")",""),"*","") | BB5: =IF(AND(TRIM(U5)="Pass",ISNUMBER(AF5)),IF(AF5<>0,"INVALID – qty variance: use Fail or Pass after CA",""),"")&IF(AND(TRIM(U5)="Pass after CA",ISNUMBER(AF5)),IF(AF5<>0,"INVALID – after the corrective action the actual qty must equal expected (update Actual)",""),"")&IF(AND(TRIM(U5)="Pass",TRIM(AB5)<>"",TRIM(AB5)<>"Closed"),"INVALID – corrective action not closed: use Fail, then Pass after CA","")&IF(AND(LEN(BA5)>=2,ISNA(MATCH(LEFT(BA5,255),L_Placeholder,0)),TRIM(AB5)=""),"INVALID – CA status missing for the recorded corrective action","")&IF(AND(TRIM(U5)="Pass after CA",OR(OR(LEN(BA5)<5,ISNUMBER(MATCH(BA5,L_Placeholder,0))),TRIM(AB5)<>"Closed")),"INVALID – corrective action not recorded/closed","") | BC5: =" "&TRIM(SUBSTITUTE(SUBSTITUTE(SUBSTITUTE(SUBSTITUTE(SUBSTITUTE(SUBSTITUTE(SUBSTITUTE(SUBSTITUTE(SUBSTITUTE(SUBSTITUTE(SUBSTITUTE(SUBSTITUTE(SUBSTITUTE(SUBSTITUTE(SUBSTITUTE(SUBSTITUTE(SUBSTITUTE(SUBSTITUTE(SUBSTITUTE(SUBSTITUTE(SUBSTITUTE(SUBSTITUTE(SUBSTITUTE(SUBSTITUTE(LOWER(V5&""),CHAR(10)," "),CHAR(13)," "),CHAR(9)," "),CHAR(160)," "),"."," "),","," "),"-"," "),"/"," "),"("," "),")"," "),":"," "),";"," "),"_"," "),"–"," "),"?"," "),"!"," "),"*"," "),"["," "),"]"," "),"'"," "),"#"," "),"+"," "),"&"," "),"\"," "))&" " | BD5: =" "&TRIM(SUBSTITUTE(SUBSTITUTE(SUBSTITUTE(SUBSTITUTE(SUBSTITUTE(SUBSTITUTE(SUBSTITUTE(SUBSTITUTE(SUBSTITUTE(SUBSTITUTE(SUBSTITUTE(SUBSTITUTE(SUBSTITUTE(SUBSTITUTE(SUBSTITUTE(SUBSTITUTE(SUBSTITUTE(SUBSTITUTE(SUBSTITUTE(SUBSTITUTE(SUBSTITUTE(SUBSTITUTE(SUBSTITUTE(SUBSTITUTE(LOWER(Z5&""),CHAR(10)," "),CHAR(13)," "),CHAR(9)," "),CHAR(160)," "),"."," "),","," "),"-"," "),"/"," "),"("," "),")"," "),":"," "),";"," "),"_"," "),"–"," "),"?"," "),"!"," "),"*"," "),"["," "),"]"," "),"'"," "),"#"," "),"+"," "),"&"," "),"\"," "))&" " | BE5: =" "&TRIM(SUBSTITUTE(SUBSTITUTE(SUBSTITUTE(SUBSTITUTE(SUBSTITUTE(SUBSTITUTE(SUBSTITUTE(SUBSTITUTE(SUBSTITUTE(SUBSTITUTE(SUBSTITUTE(SUBSTITUTE(SUBSTITUTE(SUBSTITUTE(SUBSTITUTE(SUBSTITUTE(SUBSTITUTE(SUBSTITUTE(SUBSTITUTE(SUBSTITUTE(SUBSTITUTE(SUBSTITUTE(SUBSTITUTE(SUBSTITUTE(LOWER(W5&""),CHAR(10)," "),CHAR(13)," "),CHAR(9)," "),CHAR(160)," "),"."," "),","," "),"-"," "),"/"," "),"("," "),")"," "),":"," "),";"," "),"_"," "),"–"," "),"?"," "),"!"," "),"*"," "),"["," "),"]"," "),"'"," "),"#"," "),"+"," "),"&"," "),"\"," "))&" " | BF5: =" "&TRIM(SUBSTITUTE(SUBSTITUTE(SUBSTITUTE(SUBSTITUTE(SUBSTITUTE(SUBSTITUTE(SUBSTITUTE(SUBSTITUTE(SUBSTITUTE(SUBSTITUTE(SUBSTITUTE(SUBSTITUTE(SUBSTITUTE(SUBSTITUTE(SUBSTITUTE(SUBSTITUTE(SUBSTITUTE(SUBSTITUTE(SUBSTITUTE(SUBSTITUTE(SUBSTITUTE(SUBSTITUTE(SUBSTITUTE(SUBSTITUTE(LOWER(AC5&""),CHAR(10)," "),CHAR(13)," "),CHAR(9)," "),CHAR(160)," "),"."," "),","," "),"-"," "),"/"," "),"("," "),")"," "),":"," "),";"," "),"_"," "),"–"," "),"?"," "),"!"," "),"*"," "),"["," "),"]"," "),"'"," "),"#"," "),"+"," "),"&"," "),"\"," "))&" " | BG5: =IFERROR(IF(AND(TRIM(U5)="Pass",SUMPRODUCT((LEN(BC5)-LEN(SUBSTITUTE(BC5," "&L_ResultBad&" "," ")))/(LEN(L_ResultBad)+1))>SUMPRODUCT((LEN(BC5)-LEN(SUBSTITUTE(BC5," "&L_NegPhrase&" "," ")))/(LEN(L_NegPhrase)+1))),1,0),0) -> 0 | BH5: =IFERROR(IF(SUMPRODUCT((LEN(BC5)-LEN(SUBSTITUTE(BC5," "&L_Pending&" "," ")))/(LEN(L_Pending)+1))>SUMPRODUCT((LEN(BC5)-LEN(SUBSTITUTE(BC5," "&L_PendNeg&" "," ")))/(LEN(L_PendNeg)+1))+SUMPRODUCT((LEN(BC5)-LEN(SUBSTITUTE(BC5," "&L_PendPrep&" "," ")))/(LEN(L_PendPrep)+1)),1,0),1) -> 0 | BI5: =IFERROR(IF(SUMPRODUCT((LEN(BD5)-LEN(SUBSTITUTE(BD5," "&L_PendStrict&" "," ")))/(LEN(L_PendStrict)+1))>SUMPRODUCT((LEN(BD5)-LEN(SUBSTITUTE(BD5," "&L_PendNeg&" "," ")))/(LEN(L_PendNeg)+1)),1,0),1) -> 0 | BJ5: =IFERROR(IF(SUMPRODUCT((LEN(BE5)-LEN(SUBSTITUTE(BE5," "&L_Pending&" "," ")))/(LEN(L_Pending)+1))>SUMPRODUCT((LEN(BE5)-LEN(SUBSTITUTE(BE5," "&L_PendNeg&" "," ")))/(LEN(L_PendNeg)+1))+SUMPRODUCT((LEN(BE5)-LEN(SUBSTITUTE(BE5," "&L_PendPrep&" "," ")))/(LEN(L_PendPrep)+1)),1,0),1) -> 0 | BK5: =IFERROR(IF(SUMPRODUCT((LEN(BF5)-LEN(SUBSTITUTE(BF5," "&L_PendStrict&" "," ")))/(LEN(L_PendStrict)+1))>SUMPRODUCT((LEN(BF5)-LEN(SUBSTITUTE(BF5," "&L_PendNeg&" "," ")))/(LEN(L_PendNeg)+1)),1,0),1) -> 0 | BL5: =IF(ISNA(MATCH(TRIM(S5),L_EvidenceType,0)),0,BZ5) -> 0 | BM5: =SUBSTITUTE(SUBSTITUTE(SUBSTITUTE(SUBSTITUTE(SUBSTITUTE(SUBSTITUTE(SUBSTITUTE(SUBSTITUTE(SUBSTITUTE(LOWER(Z5&""),"1","0"),"2","0"),"3","0"),"4","0"),"5","0"),"6","0"),"7","0"),"8","0"),"9","0") | BN5: =SUBSTITUTE(SUBSTITUTE(SUBSTITUTE(SUBSTITUTE(SUBSTITUTE(SUBSTITUTE(SUBSTITUTE(SUBSTITUTE(SUBSTITUTE(SUBSTITUTE(SUBSTITUTE(SUBSTITUTE(SUBSTITUTE(SUBSTITUTE(SUBSTITUTE(SUBSTITUTE(SUBSTITUTE(SUBSTITUTE(SUBSTITUTE(SUBSTITUTE(SUBSTITUTE(SUBSTITUTE(SUBSTITUTE(SUBSTITUTE(SUBSTITUTE(BM5,"b","a"),"c","a"),"d","a"),"e","a"),"f","a"),"g","a"),"h","a"),"i","a"),"j","a"),"k","a"),"l","a"),"m","a"),"n","a"),"o","a"),"p","a"),"q","a"),"r","a"),"s","a"),"t","a"),"u","a"),"v","a"),"w","a"),"x","a"),"y","a"),"z","a") | BO5: =SUBSTITUTE(SUBSTITUTE(SUBSTITUTE(SUBSTITUTE(SUBSTITUTE(SUBSTITUTE(SUBSTITUTE(SUBSTITUTE(SUBSTITUTE(LOWER(W5&""),"1","0"),"2","0"),"3","0"),"4","0"),"5","0"),"6","0"),"7","0"),"8","0"),"9","0") | BP5: =SUBSTITUTE(SUBSTITUTE(SUBSTITUTE(SUBSTITUTE(SUBSTITUTE(SUBSTITUTE(SUBSTITUTE(SUBSTITUTE(SUBSTITUTE(SUBSTITUTE(SUBSTITUTE(SUBSTITUTE(SUBSTITUTE(SUBSTITUTE(SUBSTITUTE(SUBSTITUTE(SUBSTITUTE(SUBSTITUTE(SUBSTITUTE(SUBSTITUTE(SUBSTITUTE(SUBSTITUTE(SUBSTITUTE(SUBSTITUTE(SUBSTITUTE(BO5,"b","a"),"c","a"),"d","a"),"e","a"),"f","a"),"g","a"),"h","a"),"i","a"),"j","a"),"k","a"),"l","a"),"m","a"),"n","a"),"o","a"),"p","a"),"q","a"),"r","a"),"s","a"),"t","a"),"u","a"),"v","a"),"w","a"),"x","a"),"y","a"),"z","a") | BQ5: =IFERROR(IF(AND(ISERROR(SEARCH(" mh"," "&LOWER(W5))),ISNA(MATCH(LEFT(TRIM(BP5),255),{"0000a","000a","00a","0000aa","000aa","00aa","0aa","0000aaa","000aaa","00a00","0a00","0000-0000","00:00","a00","a0","00.00.0000","00/00/0000","00-00-0000","0000-00-00","0000/00/00","0000.00.00","00.00.00","00/00/00","00-00-00","0.00.0000","0/00/0000","0-00-0000"},0)),ISNA(MATCH(LEFT(TRIM(CA5),255),{"0000a","000a","00a","0000aa","000aa","00aa","0aa","0000aaa","000aaa","00a00","0a00","0000-0000","00:00","a00","a0","00.00.0000","00/00/0000","00-00-0000","0000-00-00","0000/00/00","0000.00.00","00.00.00","00/00/00","00-00-00","0.00.0000","0/00/0000","0-00-0000"},0)),LEN(CB5)>=3,NOT(OR(SUBSTITUTE(CB5,"0","")="",AND(LEN(CB5)>=4,CB5=REPT(LEFT(CB5),LEN(CB5))),ISNUMBER(MATCH(CB5,{"123","1234","12345","123456","1234567","12345678","0123","01234","012345","98765","987654","54321"},0)),AND(LEN(CB5)=8,LEFT(CB5,3)="202"))),OR(AND((LEN(CA5)-LEN(SUBSTITUTE(CA5,"a","")))>=1,SUMPRODUCT(--ISNUMBER(SEARCH({"a0","a-0","a_0","a/0","a.0","a#0","0a","0-a","0_a","0/a"},BP5)))>0),ISNUMBER(SEARCH("000000",BP5)))),1,0),0) -> 0 | BR5: =IFERROR(LEN(SUBSTITUTE(CC5," ",""))-SUMPRODUCT((LEN(CC5)-LEN(SUBSTITUTE(CC5," "&L_Role&" "," ")))/(LEN(L_Role)+1)*LEN(L_Role)),0) -> 0 | BS5: =IFERROR(LEN(SUBSTITUTE(CD5," ",""))-SUMPRODUCT((LEN(CD5)-LEN(SUBSTITUTE(CD5," "&L_Role&" "," ")))/(LEN(L_Role)+1)*LEN(L_Role)),0) -> 0 | BT5: =SUBSTITUTE(SUBSTITUTE(SUBSTITUTE(SUBSTITUTE(SUBSTITUTE(SUBSTITUTE(SUBSTITUTE(SUBSTITUTE(SUBSTITUTE(SUBSTITUTE(SUBSTITUTE(SUBSTITUTE(SUBSTITUTE(SUBSTITUTE(SUBSTITUTE(SUBSTITUTE(SUBSTITUTE(SUBSTITUTE(SUBSTITUTE(SUBSTITUTE(SUBSTITUTE(SUBSTITUTE(SUBSTITUTE(SUBSTITUTE(SUBSTITUTE(SUBSTITUTE(SUBSTITUTE(SUBSTITUTE(SUBSTITUTE(SUBSTITUTE(SUBSTITUTE(SUBSTITUTE(SUBSTITUTE(SUBSTITUTE(SUBSTITUTE(SUBSTITUTE(SUBSTITUTE(SUBSTITUTE(SUBSTITUTE(SUBSTITUTE(SUBSTITUTE(SUBSTITUTE(SUBSTITUTE(SUBSTITUTE(SUBSTITUTE(BM5,"revision",""),"version",""),"jan",""),"feb",""),"mar",""),"apr",""),"may",""),"jun",""),"jul",""),"aug",""),"sep",""),"oct",""),"nov",""),"dec",""),"utc",""),"gmt",""),"myt",""),"bst",""),"rev",""),"ver",""),"b","a"),"c","a"),"d","a"),"e","a"),"f","a"),"g","a"),"h","a"),"i","a"),"j","a"),"k","a"),"l","a"),"m","a"),"n","a"),"o","a"),"p","a"),"q","a"),"r","a"),"s","a"),"t","a"),"u","a"),"v","a"),"w","a"),"x","a"),"y","a"),"z","a") | BU5: =SUBSTITUTE(SUBSTITUTE(SUBSTITUTE(SUBSTITUTE(SUBSTITUTE(SUBSTITUTE(SUBSTITUTE(SUBSTITUTE(SUBSTITUTE(SUBSTITUTE(LEFT(BM5,FIND("0",BM5&"0")-1),"-",""),"_",""),"/",""),".",""),"#",""),"\\",""),":","")," ",""),"(",""),")","") | BV5: =0 -> 0 | BW5: =SUBSTITUTE(SUBSTITUTE(SUBSTITUTE(SUBSTITUTE(SUBSTITUTE(SUBSTITUTE(SUBSTITUTE(SUBSTITUTE(SUBSTITUTE(SUBSTITUTE(SUBSTITUTE(SUBSTITUTE(SUBSTITUTE(SUBSTITUTE(SUBSTITUTE(SUBSTITUTE(SUBSTITUTE(SUBSTITUTE(SUBSTITUTE(SUBSTITUTE(SUBSTITUTE(SUBSTITUTE(SUBSTITUTE(SUBSTITUTE(SUBSTITUTE(SUBSTITUTE(SUBSTITUTE(SUBSTITUTE(SUBSTITUTE(SUBSTITUTE(SUBSTITUTE(SUBSTITUTE(SUBSTITUTE(SUBSTITUTE(SUBSTITUTE(SUBSTITUTE(LOWER(Z5&""),"a",""),"b",""),"c",""),"d",""),"e",""),"f",""),"g",""),"h",""),"i",""),"j",""),"k",""),"l",""),"m",""),"n",""),"o",""),"p",""),"q",""),"r",""),"s",""),"t",""),"u",""),"v",""),"w",""),"x",""),"y",""),"z",""),"-",""),"_",""),"/",""),".",""),"#",""),"\\",""),":","")," ",""),"(",""),")","") | BX5: =SUBSTITUTE(SUBSTITUTE(SUBSTITUTE(SUBSTITUTE(SUBSTITUTE(SUBSTITUTE(SUBSTITUTE(SUBSTITUTE(SUBSTITUTE(SUBSTITUTE(SUBSTITUTE(BM5,"0",""),"-",""),"_",""),"/",""),".",""),"#",""),"\\",""),":","")," ",""),"(",""),")","") | BY5: =Q5-T7EarlyD*24/24 -> 46282.858 | BZ5: =IFERROR(IF(IF(TRIM(S5)="Link / file path",AND(LEN(TRIM(Z5))>=5,SUMPRODUCT(--ISNUMBER(SEARCH({"http","www.","\\",":\",".pdf",".jpg",".jpeg",".png",".heic",".xls",".doc",".msg",".eml",".ppt",".txt",".zip"},Z5)))>0),AND(ISERROR(FIND(" ",TRIM(Z5))),NOT(OR(SUMPRODUCT(--ISNUMBER(FIND({",",";","&","+"},Z5)))>0,SUMPRODUCT(--ISNUMBER(SEARCH({"0/aa","0\\aa"},BN5)))>0)),NOT(SUMPRODUCT(--ISNUMBER(SEARCH({"http","www.","\\",":\",".pdf",".jpg",".jpeg",".png",".heic",".xls",".doc",".msg",".eml",".ppt",".txt",".zip"},Z5)))>0),NOT(LOWER(TRIM(Z5))=LOWER(Flights!$F$5)),ISNA(MATCH(BU5,{"mh","rev","revision","ver","version","v","r","a","b","seat","tray","row","gate","bay","stand","page","pg","item","line","no","cart","galley","flight","flt","table","box","bag","oven","etd","eta","std","sta","atd","ata","qty","pax","x","time","tel","ph","mob","day","wk","week","utc","gmt","myt","lt"},0)),NOT(OR(ISNUMBER(MATCH(LEFT(BN5,255),{"0000a","000a","00a","0000aa","000aa","00aa","0aa","0000aaa","000aaa","00a00","0a00","0000-0000","00:00","a00","a0","00.00.0000","00/00/0000","00-00-0000","0000-00-00","0000/00/00","0000.00.00","00.00.00","00/00/00","00-00-00","0.00.0000","0/00/0000","0-00-0000"},0)),ISNUMBER(MATCH(LEFT(BT5,255),{"0000a","000a","00a","0000aa","000aa","00aa","0aa","0000aaa","000aaa","00a00","0a00","0000-0000","00:00","a00","a0","00.00.0000","00/00/0000","00-00-0000","0000-00-00","0000/00/00","0000.00.00","00.00.00","00/00/00","00-00-00","0.00.0000","0/00/0000","0-00-0000"},0)))),NOT(OR(AND(BW5<>"",SUBSTITUTE(BW5,"0","")=""),AND(LEN(BW5)>=4,BW5=REPT(LEFT(BW5),LEN(BW5))),ISNUMBER(MATCH(BW5,{"123","1234","12345","123456","1234567","12345678","0123","01234","012345","98765","987654","54321"},0)),ISNUMBER(MATCH(BX5,{"x","xx","xxx","xxxx","xxxxx","abc","abcd","nil","na","nan","test","tbc","tba","tbd","dummy","sample","example","eg","zz","zzz","none","null","xyz","qwe","asd","id","ref"},0)),AND(LEN(BW5)=8,BX5="",OR(LEFT(BW5,3)="202",ISNUMBER(MATCH(RIGHT(BW5,4),{"2025","2026","2027"},0)))))),OR(AND((LEN(BT5)-LEN(SUBSTITUTE(BT5,"a","")))>=1,(LEN(BN5)-LEN(SUBSTITUTE(BN5,"0","")))>=2,SUMPRODUCT(--ISNUMBER(SEARCH({"a0","a-0","a_0","a/0","a.0","a#0","0a","0-a","0_a","0/a"},BN5)))>0),AND((LEN(BN5)-LEN(SUBSTITUTE(BN5,"a","")))=0,(LEN(BN5)-LEN(SUBSTITUTE(BN5,"0","")))>=5)))),1,0),0) -> 0 | CA5: =SUBSTITUTE(SUBSTITUTE(SUBSTITUTE(SUBSTITUTE(SUBSTITUTE(SUBSTITUTE(SUBSTITUTE(SUBSTITUTE(SUBSTITUTE(SUBSTITUTE(SUBSTITUTE(SUBSTITUTE(SUBSTITUTE(SUBSTITUTE(SUBSTITUTE(SUBSTITUTE(SUBSTITUTE(SUBSTITUTE(SUBSTITUTE(SUBSTITUTE(SUBSTITUTE(SUBSTITUTE(SUBSTITUTE(SUBSTITUTE(SUBSTITUTE(SUBSTITUTE(SUBSTITUTE(SUBSTITUTE(SUBSTITUTE(SUBSTITUTE(SUBSTITUTE(SUBSTITUTE(SUBSTITUTE(SUBSTITUTE(SUBSTITUTE(SUBSTITUTE(SUBSTITUTE(SUBSTITUTE(SUBSTITUTE(SUBSTITUTE(SUBSTITUTE(SUBSTITUTE(SUBSTITUTE(SUBSTITUTE(SUBSTITUTE(BO5,"revision",""),"version",""),"jan",""),"feb",""),"mar",""),"apr",""),"may",""),"jun",""),"jul",""),"aug",""),"sep",""),"oct",""),"nov",""),"dec",""),"utc",""),"gmt",""),"myt",""),"bst",""),"rev",""),"ver",""),"b","a"),"c","a"),"d","a"),"e","a"),"f","a"),"g","a"),"h","a"),"i","a"),"j","a"),"k","a"),"l","a"),"m","a"),"n","a"),"o","a"),"p","a"),"q","a"),"r","a"),"s","a"),"t","a"),"u","a"),"v","a"),"w","a"),"x","a"),"y","a"),"z","a") | CB5: =SUBSTITUTE(SUBSTITUTE(SUBSTITUTE(SUBSTITUTE(SUBSTITUTE(SUBSTITUTE(SUBSTITUTE(SUBSTITUTE(SUBSTITUTE(SUBSTITUTE(SUBSTITUTE(SUBSTITUTE(SUBSTITUTE(SUBSTITUTE(SUBSTITUTE(SUBSTITUTE(SUBSTITUTE(SUBSTITUTE(SUBSTITUTE(SUBSTITUTE(SUBSTITUTE(SUBSTITUTE(SUBSTITUTE(SUBSTITUTE(SUBSTITUTE(SUBSTITUTE(SUBSTITUTE(SUBSTITUTE(SUBSTITUTE(SUBSTITUTE(SUBSTITUTE(SUBSTITUTE(SUBSTITUTE(SUBSTITUTE(SUBSTITUTE(SUBSTITUTE(LOWER(W5&""),"a",""),"b",""),"c",""),"d",""),"e",""),"f",""),"g",""),"h",""),"i",""),"j",""),"k",""),"l",""),"m",""),"n",""),"o",""),"p",""),"q",""),"r",""),"s",""),"t",""),"u",""),"v",""),"w",""),"x",""),"y",""),"z",""),"-",""),"_",""),"/",""),".",""),"#",""),"\\",""),":","")," ",""),"(",""),")","") | CC5: =" "&TRIM(SUBSTITUTE(SUBSTITUTE(SUBSTITUTE(SUBSTITUTE(SUBSTITUTE(SUBSTITUTE(SUBSTITUTE(SUBSTITUTE(SUBSTITUTE(SUBSTITUTE(SUBSTITUTE(SUBSTITUTE(SUBSTITUTE(SUBSTITUTE(SUBSTITUTE(SUBSTITUTE(SUBSTITUTE(SUBSTITUTE(SUBSTITUTE(SUBSTITUTE(SUBSTITUTE(SUBSTITUTE(SUBSTITUTE(SUBSTITUTE(LOWER(T5&""),CHAR(10)," "),CHAR(13)," "),CHAR(9)," "),CHAR(160)," "),"."," "),","," "),"-"," "),"/"," "),"("," "),")"," "),":"," "),";"," "),"_"," "),"–"," "),"?"," "),"!"," "),"*"," "),"["," "),"]"," "),"'"," "),"#"," "),"+"," "),"&"," "),"\"," "))&" " | CD5: =" "&TRIM(SUBSTITUTE(SUBSTITUTE(SUBSTITUTE(SUBSTITUTE(SUBSTITUTE(SUBSTITUTE(SUBSTITUTE(SUBSTITUTE(SUBSTITUTE(SUBSTITUTE(SUBSTITUTE(SUBSTITUTE(SUBSTITUTE(SUBSTITUTE(SUBSTITUTE(SUBSTITUTE(SUBSTITUTE(SUBSTITUTE(SUBSTITUTE(SUBSTITUTE(SUBSTITUTE(SUBSTITUTE(SUBSTITUTE(SUBSTITUTE(LOWER(AE5&""),CHAR(10)," "),CHAR(13)," "),CHAR(9)," "),CHAR(160)," "),"."," "),","," "),"-"," "),"/"," "),"("," "),")"," "),":"," "),";"," "),"_"," "),"–"," "),"?"," "),"!"," "),"*"," "),"["," "),"]"," "),"'"," "),"#"," "),"+"," "),"&"," "),"\"," "))&" " | CE5: =IFERROR(IF(AND(LEN(AU5)>0,LEN(AU5)=LEN(AX5),OR(TRIM(MID(SUBSTITUTE(TRIM(CC5)," ",REPT(" ",60)),1,60))="",ISNUMBER(SEARCH(" "&TRIM(MID(SUBSTITUTE(TRIM(CC5)," ",REPT(" ",60)),1,60))&" ",CD5))),OR(TRIM(MID(SUBSTITUTE(TRIM(CC5)," ",REPT(" ",60)),61,60))="",ISNUMBER(SEARCH(" "&TRIM(MID(SUBSTITUTE(TRIM(CC5)," ",REPT(" ",60)),61,60))&" ",CD5))),OR(TRIM(MID(SUBSTITUTE(TRIM(CC5)," ",REPT(" ",60)),121,60))="",ISNUMBER(SEARCH(" "&TRIM(MID(SUBSTITUTE(TRIM(CC5)," ",REPT(" ",60)),121,60))&" ",CD5)))),1,0),0) -> 0 | CG5: =IFERROR(LEN(SUBSTITUTE(BF5," ",""))-SUMPRODUCT((LEN(BF5)-LEN(SUBSTITUTE(BF5," "&L_NAFiller&" "," ")))/(LEN(L_NAFiller)+1)*LEN(L_NAFiller)),0) -> 0
